cust_id,first_name,last_name,email,phone,address,city,state,zip
1,Denise,Walker,denisewalker717@gmail.com,689-114-6781,1040 West 27th Avenue #APT 000401,Anchorage,AK,99503
2,James,Howard,jameshoward130@yahoo.com,995-180-7785,72 Milford Road ,Manchester,CT,06042
3,Danielle,Ford,danielleford524@gmail.com,481-134-1040,11 Water Street ,Holbrook,MA,02343
4,Jeffrey,Silva,jeffreysilva322@hotmail.com,508-222-0381,111 Lakeview Terrace ,Lynn Haven,FL,32444
5,Jeffrey,Chavez,jeffreychavez324@gmail.com,796-168-2014,18330 North 79th Avenue #3155,Glendale,AZ,85308
6,Latoya,Miller,latoyamiller719@hotmail.com,641-408-2763,1169 East Hopkins Avenue ,Aspen,CO,81611
7,Alisha,Spencer,alishaspencer626@gmail.com,794-832-4894,328 South Ranchwood Manor Drive ,Oklahoma City,OK,73139
8,Nicholas,Nunez,nicholasnunez590@hotmail.com,729-574-6727,1528 Stafford Avenue ,Hayward,CA,94541
9,Karla,Lewis,karlalewis11@yahoo.com,273-724-6285,32 Prospect Street #32,Manchester,CT,06040
10,Cynthia,Wilson,cynthiawilson632@hotmail.com,955-645-5134,301 Willow Way ,Lynn Haven,FL,32444
11,Brooke,Bass,brookebass153@hotmail.com,225-078-0624,2324 North Briarwood Lane ,Fayetteville,AR,72703
12,Andrew,Cook,andrewcook178@hotmail.com,128-181-5377,1508 Massachusetts Avenue Southeast ,Washington,DC,20003
13,Dr. Timothy,Young,dr.young819@hotmail.com,359-670-7500,3919 Landherr Drive ,Louisville,KY,40299
14,Walter,Ramirez,walterramirez884@hotmail.com,618-531-8410,5420 Sunset Avenue ,Panama City Beach,FL,32408
15,Andrea,Beck,andreabeck625@hotmail.com,735-060-2826,545 East Muhammad Ali Boulevard #103,Louisville,KY,40202
16,Michael,Dixon,michaeldixon107@hotmail.com,470-738-6572,108 Chalmers Avenue ,Glen Burnie,MD,21061
17,Robert,Dominguez,robertdominguez117@yahoo.com,283-486-6863,188 Saint Matthews Avenue #1,Louisville,KY,40207
18,Paul,Larsen,paullarsen381@gmail.com,702-255-7559,4300 Kansas Avenue Northwest ,Washington,DC,20011
19,Jean,Carrillo,jeancarrillo267@yahoo.com,342-120-9754,275 Ridge Lane #204,Waltham,MA,02452
20,Leslie,Alvarado,lesliealvarado855@hotmail.com,278-260-4052,5908 Sedberry Road ,Nashville,TN,37205
21,Rachael,Pearson,rachaelpearson754@gmail.com,182-635-5066,4 Cutting Avenue ,Worcester,MA,01606
22,Miguel,Jones,migueljones951@hotmail.com,915-682-8105,517 Retford Drive ,Severna Park,MD,21146
23,Morgan,Sheppard,morgansheppard318@yahoo.com,226-582-0981,711 Tatem Street ,Savannah,GA,31405
24,Michelle,Freeman,michellefreeman156@gmail.com,838-476-8279,4714 Narrow Lane Road ,Montgomery,AL,36116
25,Natalie,Tapia,natalietapia854@yahoo.com,135-347-2443,1734 Corcoran Street Northwest ,Washington,DC,20009
26,Glen,Sheppard,glensheppard749@yahoo.com,363-431-3506,10826 Pointe Royal Drive ,Bakersfield,CA,93311
27,Marc,Lynch,marclynch992@gmail.com,114-416-1314,1732 27th Avenue ,Oakland,CA,94601
28,Mario,Guerrero,marioguerrero542@yahoo.com,904-001-7819,1257 John Street ,Nashville,TN,37210
29,Miss Debra,PhD,missphd898@hotmail.com,538-642-8463,4632 Vermont 15 ,Wolcott,VT,05680
30,James,Hodges,jameshodges513@hotmail.com,462-878-8906,2534 Willena Avenue ,Montgomery,AL,36107
31,Emily,Smith,emilysmith858@hotmail.com,794-836-3074,82 Queen Court ,Manchester,CT,06040
32,Scott,Morgan,scottmorgan816@gmail.com,170-478-0105,631 West 32nd Avenue #APT 000134,Anchorage,AK,99503
33,Amanda,Shaw,amandashaw179@gmail.com,142-354-2745,7947 Citadel Drive ,Severn,MD,21144
34,Jessica,Garcia,jessicagarcia792@yahoo.com,413-754-9948,63 Dorchester Street #2,Worcester,MA,01604
35,Shelby,Harvey,shelbyharvey990@yahoo.com,275-716-5342,5 Irving Street ,Easthampton,MA,01027
36,Ronald,Foster,ronaldfoster491@hotmail.com,111-340-0730,57 Hidden Lake Court ,Savannah,GA,31419
37,Elizabeth,Burgess,elizabethburgess405@yahoo.com,639-066-3820,1821 Catalpa Way ,Hayward,CA,94545
38,Alexis,Herrera,alexisherrera111@gmail.com,823-807-6179,5510 Montgomery Street #4,Savannah,GA,31405
39,Stacy,Taylor,stacytaylor163@gmail.com,525-666-7310,702 Farragut Street Northwest ,Washington,DC,20011
40,Dr. Samantha,Davis,dr.davis462@yahoo.com,939-043-1985,835 Shiloh Court ,Redding,CA,96003
41,David,Morris,davidmorris791@gmail.com,324-031-2241,1 Logan Circle Northwest ,Washington,DC,20005
42,Brian,Joseph,brianjoseph175@hotmail.com,295-460-2680,2035 Ninth Street R A,Berkeley,CA,94710
43,Stacy,Gutierrez,stacygutierrez87@gmail.com,627-232-5257,2068 Happy Lane ,Crofton,MD,21114
44,Nathan,Schmitt,nathanschmitt708@gmail.com,338-647-5432,11843 North 60th Avenue ,Glendale,AZ,85304
45,Kylie,Morales,kyliemorales480@yahoo.com,938-671-0340,503 Early Street ,Savannah,GA,31405
46,Paul,Wilson,paulwilson119@hotmail.com,378-485-6335,2306 Edinburgh Drive ,Montgomery,AL,36116
47,Sandra,Drake,sandradrake646@gmail.com,862-665-5966,5788 Cane Ridge Road ,Nashville,TN,37013
48,Patrick,Walker,patrickwalker924@gmail.com,392-081-3279,5740 North 59th Avenue #1156,Glendale,AZ,85301
49,Mark,Hernandez,markhernandez878@yahoo.com,956-472-8166,265 Airport Road ,Weathersfield,VT,05151
50,Kenneth,Lopez,kennethlopez892@yahoo.com,441-085-8091,32 Amsden Street #1,Arlington,MA,02474
51,Brandon,Gregory,brandongregory863@yahoo.com,103-540-8421,555 North Dupont Avenue #C-55,Nashville,TN,37115
52,Gloria,Miranda,gloriamiranda746@yahoo.com,333-656-5687,640 Hilliard Street #6000,Manchester,CT,06042
53,Miss Nicole,Bowers,missbowers694@yahoo.com,956-345-6056,103 Fenwick Village Drive ,Savannah,GA,31419
54,Denise,Whitehead,denisewhitehead93@hotmail.com,158-428-1095,6518 Dolphin Court ,Glen Burnie,MD,21061
55,Chad,Mitchell,chadmitchell268@gmail.com,834-011-8633,1433 Bretton View Road ,Annapolis,MD,21409
56,Laura,Higgins,laurahiggins303@hotmail.com,430-054-4070,4 Glen Circle ,Glen Burnie,MD,21060
57,Gina,Day,ginaday144@hotmail.com,536-638-4138,6817 Brentwood Street ,Arvada,CO,80004
58,Evelyn,Martinez,evelynmartinez336@yahoo.com,880-673-2465,3469 North Par Court ,Fayetteville,AR,72703
59,Bobby,Guerrero,bobbyguerrero607@hotmail.com,390-380-7980,1244 South 4th Street #211,Louisville,KY,40203
60,Travis,Johnson,travisjohnson369@yahoo.com,451-544-4406,103 North East Avenue ,Panama City,FL,32401
61,Daniel,Carr,danielcarr602@gmail.com,176-702-8858,218 Oleander Drive ,Panama City Beach,FL,32413
62,William,Anderson,williamanderson96@gmail.com,891-873-9345,9300 C Street ,Oakland,CA,94603
63,Elizabeth,Martin,elizabethmartin829@gmail.com,712-444-7220,3862 Almond Avenue ,Fremont,CA,94538
64,Justin,Bryan,justinbryan887@hotmail.com,913-867-5697,20097 Butterfield Drive ,Castro Valley,CA,94546
65,Michelle,Gross,michellegross178@hotmail.com,781-516-5566,2411 Alteras Drive ,Nashville,TN,37211
66,Eric,Johnson,ericjohnson294@hotmail.com,999-236-8757,108 Springer Lane ,Yarmouth,MA,02673
67,Joanna,Pierce,joannapierce124@yahoo.com,678-601-6604,6413 Kendall Street ,Arvada,CO,80003
68,Elijah,Cabrera,elijahcabrera818@hotmail.com,980-414-0052,488 Mill Road ,Hartford,VT,05001
69,Jennifer,Gutierrez,jennifergutierrez400@gmail.com,764-715-2172,8595 North 71st Avenue #1,Glendale,AZ,85301
70,Corey,Wright,coreywright740@yahoo.com,397-736-5926,51 Edgar Road ,Scituate,MA,02066
71,Luis,Matthews,luismatthews579@gmail.com,146-847-3460,35 Pilot Knob Lane #204,Telluride,CO,81435
72,Terry,Davis,terrydavis977@yahoo.com,419-437-6092,2209 Florida Avenue ,Savannah,GA,31404
73,Laura,Rodriguez,laurarodriguez899@gmail.com,185-062-3849,1602 East 14th Court ,Lynn Haven,FL,32444
74,Jose,Miller,josemiller288@hotmail.com,646-365-3512,6206 Waters Avenue #110,Savannah,GA,31406
75,Mark,Shepard,markshepard716@gmail.com,405-813-4092,1939 Greenwood Street ,Savannah,GA,31404
76,Sarah,Ramos,sarahramos302@yahoo.com,529-226-5249,416 Waverly Avenue ,Baltimore,MD,21225
77,Aaron,Robinson,aaronrobinson867@gmail.com,606-325-2300,2222 Martin Luther King Junior Boulevard ,Fayetteville,AR,72701
78,Willie,Long,willielong823@yahoo.com,848-570-1893,3179 18th Street Northwest ,Washington,DC,20010
79,Andrea,Wheeler,andreawheeler405@hotmail.com,554-713-4733,3200 Southwest 95th Street ,Oklahoma City,OK,73159
80,Denise,Hawkins,denisehawkins330@gmail.com,169-431-9190,400 South 28th Street ,Louisville,KY,40212
81,Cesar,Sanchez,cesarsanchez788@hotmail.com,274-842-2831,354 North University Avenue ,Fayetteville,AR,72701
82,Cynthia,Morris,cynthiamorris851@hotmail.com,575-454-7702,8446 Coors Loop ,Arvada,CO,80005
83,David,Pierce,davidpierce529@hotmail.com,530-056-1760,7 Rose Dhu Lane ,Savannah,GA,31419
84,Alan,Patel,alanpatel420@yahoo.com,961-753-8914,1628 Button Bay Road ,Vergennes,VT,05491
85,Jamie,Tran,jamietran70@hotmail.com,449-542-5095,1420 Turtleback Trail ,Panama City,FL,32413
86,Michelle,Sanders,michellesanders90@gmail.com,956-375-2259,1602 East 14th Court ,Lynn Haven,FL,32444
87,Jerry,Perez,jerryperez321@yahoo.com,897-380-8124,1407 Walden Court ,Crofton,MD,21114
88,Brandon,Spencer,brandonspencer822@yahoo.com,178-826-8882,2 Cockle Shell Road ,Savannah,GA,31419
89,Terry,Le,terryle762@yahoo.com,507-204-5164,3904 October Woods Drive ,Nashville,TN,37013
90,Mark,Faulkner,markfaulkner756@yahoo.com,101-838-7557,100 Birney Street #A6,Peabody,MA,01960
91,William,Mendoza,williammendoza414@hotmail.com,822-721-5006,3808 South Smiley Circle ,Montgomery,AL,36108
92,Courtney,Burgess,courtneyburgess605@yahoo.com,971-478-2026,327 Fairway Boulevard ,Panama City Beach,FL,32407
93,Nathan,Chavez,nathanchavez511@yahoo.com,329-802-0598,8070 Holland Court ,Arvada,CO,80005
94,Michael,Harris,michaelharris785@yahoo.com,809-373-3121,22424 Birchwood Loop Road ,Anchorage,AK,99567
95,Emily,Allen,emilyallen233@gmail.com,241-746-3175,2142 Colonel Way ,Odenton,MD,21113
96,Tracey,Wagner,traceywagner3@yahoo.com,973-457-7150,7232 West Melinda Lane ,Glendale,AZ,85308
97,Peter,Wolf,peterwolf833@yahoo.com,164-303-4796,1439 2nd Street ,Panama City,FL,32409
98,Robin,Trujillo,robintrujillo657@hotmail.com,979-168-1764,84 Holbrook Street ,North Adams,MA,01247
99,Bernard,Norton,bernardnorton448@hotmail.com,833-018-0677,2619 North Quality Lane #315,Fayetteville,AR,72703
100,Steven,Farmer,stevenfarmer362@hotmail.com,585-802-6658,22 South Duncan Avenue #420,Fayetteville,AR,72701
101,Paul,Patterson,paulpatterson15@yahoo.com,518-602-9810,5396 North Reese Avenue ,Fresno,CA,93722
102,Edwin,Reyes,edwinreyes22@hotmail.com,809-725-9981,4714 Narrow Lane Road ,Montgomery,AL,36116
103,Jeffrey,Moody,jeffreymoody662@hotmail.com,780-331-5301,320 Union Station Way ,Calera,AL,35040
104,Christopher,Ruiz,christopherruiz809@gmail.com,390-675-9546,21 Soling Avenue ,Savannah,GA,31419
105,Jessica,Ashley,jessicaashley84@hotmail.com,769-655-8387,1402 North Capitol Street Northwest ,Washington,DC,20002
106,Jessica,Warren,jessicawarren934@gmail.com,128-674-4143,18 Curry Lane ,Manchester,CT,06040
107,David,Moon,davidmoon62@gmail.com,416-735-5979,2355 Pearl Point #5?,Fayetteville,AR,72701
108,Leslie,Snyder,lesliesnyder561@gmail.com,810-048-4975,1300 East Dowling Road ,Anchorage,AK,99518
109,Thomas,Merritt,thomasmerritt551@gmail.com,811-471-1230,1641 Kramer Street Northeast ,Washington,DC,20002
110,Tony,Taylor,tonytaylor292@hotmail.com,403-251-1872,7529 West 72nd Avenue #4,Arvada,CO,80003
111,William,Johnson,williamjohnson92@hotmail.com,999-183-9149,13066 North 56th Avenue ,Glendale,AZ,85304
112,Maria,Lamb,marialamb463@yahoo.com,513-732-1350,1211 Castine Court ,Pasadena,MD,21122
113,Kathleen,Andrade,kathleenandrade397@hotmail.com,498-565-5028,2560 Michigan Court ,Panama City,FL,32405
114,Randall,Key,randallkey831@yahoo.com,202-828-2758,153 Atlantic Avenue #6,Salisbury,MA,01952
115,Christopher,Johnson,christopherjohnson242@hotmail.com,972-103-3562,10 Skyline Way ,Hartford,VT,05001
116,Matthew,Willis,matthewwillis978@hotmail.com,618-565-7072,43 Henderson Avenue ,Savannah,GA,31406
117,Tammy,Ponce,tammyponce699@hotmail.com,417-265-4142,6610 North 93rd Avenue #3102,Glendale,AZ,85305
118,Dr. Johnny,Gray,dr.gray419@hotmail.com,965-225-2565,488 Mill Road ,Hartford,VT,05001
119,Jeffrey,Valdez,jeffreyvaldez314@gmail.com,707-107-6603,5331 Rexford Court ,Montgomery,AL,36116
120,Alexander,Jackson,alexanderjackson820@hotmail.com,317-301-1720,1699 Chatham Parkway #814B,Savannah,GA,31405
121,Jason,Avila,jasonavila482@yahoo.com,844-326-0754,517 Copperfield Way ,Brentwood,TN,37027
122,Michael,Harris,michaelharris441@hotmail.com,222-682-9109,712 Southwest 1st Street ,Moore,OK,73160
123,Chase,Knight,chaseknight148@yahoo.com,209-430-0111,210 Depot Street ,Woodford,VT,05201
124,Rebecca,Collins,rebeccacollins301@yahoo.com,248-236-2598,2133 Boultier Street ,Montgomery,AL,36106
125,Samuel,Suarez,samuelsuarez590@gmail.com,320-053-2016,8 Chandler Street ,Plymouth,MA,02360
126,Ryan,Green,ryangreen913@yahoo.com,856-458-7048,6880 Xavier Circle #2,Westminster,CO,80030
127,James,Bailey,jamesbailey560@yahoo.com,573-247-5836,1628 Button Bay Road ,Vergennes,VT,05491
128,Renee,Lang,reneelang756@hotmail.com,770-268-0661,6823 Forsythe Drive ,Panama City,FL,32404
129,Michael,Romero,michaelromero25@gmail.com,231-684-8506,619 West 19th Avenue ,Anchorage,AK,99503
130,Lauren,Blackburn,laurenblackburn502@hotmail.com,484-763-9099,128 East Oak Street #3,Louisville,KY,40203
131,Denise,Juarez,denisejuarez724@hotmail.com,320-544-1579,1771 Daisey Court ,Millersville,MD,21108
132,Haley,Anderson,haleyanderson477@hotmail.com,678-221-6617,7025 Queen Street ,Arvada,CO,80004
133,Victoria,Clark,victoriaclark513@gmail.com,363-231-6145,5804 West Abraham Lane ,Glendale,AZ,85308
134,Mary,Bates,marybates693@yahoo.com,934-425-6012,60 Willow Lakes Drive ,Savannah,GA,31419
135,Michael,Castillo,michaelcastillo876@hotmail.com,186-344-5848,1320 Huffman Park Drive #STE 000170,Anchorage,AK,99515
136,Carrie,Williams,carriewilliams644@hotmail.com,468-235-5710,4341 Ponds Street Northeast ,Washington,DC,20019
137,Matthew,Robles,matthewrobles619@yahoo.com,475-458-8040,3072 The Alameda ,Concord,CA,94519
138,Arthur,Pena,arthurpena271@gmail.com,775-403-3828,9036 Calico Court ,Hesperia,CA,92344
139,Brooke,Allison,brookeallison628@gmail.com,217-005-2258,116 Jourdan Street ,Hinesburg,VT,05461
140,Justin,Smith,justinsmith49@gmail.com,785-601-5800,190 Exchange Street ,Lawrence,MA,01841
141,Sandra,Brandt,sandrabrandt454@hotmail.com,514-453-6058,6016 Northwest 27th Street ,Oklahoma City,OK,73127
142,Joanna,Barrett,joannabarrett379@gmail.com,606-220-4993,1302 Cherry Street ,Panama City,FL,32401
143,Lindsey,Tanner,lindseytanner600@yahoo.com,915-825-1610,5628 West Tonopah Drive ,Glendale,AZ,85308
144,Joseph,Johnson,josephjohnson334@yahoo.com,571-007-5049,13931 West 87th Drive ,Arvada,CO,80005
145,Anthony,James,anthonyjames128@gmail.com,422-822-2026,4 Village Lake Drive #4,Fayetteville,AR,72703
146,Barbara,Williams,barbarawilliams52@gmail.com,575-666-1462,112 Cherokee Road ,Nashville,TN,37205
147,Daniel,Lewis,daniellewis587@gmail.com,367-131-1999,8700 Lillington Circle ,Montgomery,AL,36117
148,Melanie,Flores,melanieflores519@yahoo.com,473-458-1523,56 Daley Lane ,Castleton,VT,05732
149,Daniel,Poole,danielpoole330@hotmail.com,517-877-2302,189 Dalton Avenue ,Pittsfield,MA,01201
150,Joseph,May,josephmay31@hotmail.com,459-881-7128,8820 Culebra Street ,Arvada,CO,80007
151,Stacy,Sanford,stacysanford971@gmail.com,690-166-4333,1500 South Division Street ,Guthrie,OK,73044
152,Latoya,Brown,latoyabrown313@gmail.com,371-601-6140,2236 Susitna Drive ,Anchorage,AK,99517
153,Holly,Stewart,hollystewart38@gmail.com,709-558-0140,9904 Daniel Drive ,Louisville,KY,40118
154,Shannon,Taylor,shannontaylor879@hotmail.com,138-307-5402,3141 North Lancaster Lane ,Fayetteville,AR,72703
155,Jonathan,Davis,jonathandavis507@yahoo.com,919-543-5247,33655 5th Street ,Union City,CA,94587
156,Thomas,Keith,thomaskeith465@gmail.com,276-374-8388,93 Marble Hill Road ,Waitsfield,VT,05673
157,Brenda,Martin,brendamartin868@hotmail.com,352-054-7574,56 Concord Road ,Manchester,CT,06042
158,Kayla,Macdonald,kaylamacdonald952@gmail.com,950-675-7069,2057 Lucas Street ,Montgomery,AL,36107
159,Janice,Rodriguez,janicerodriguez391@hotmail.com,345-448-6883,124 Rod Key Street ,Lyndon,VT,05851
160,Andrew,Moreno,andrewmoreno173@yahoo.com,205-884-0478,93 Hamlin Street ,Manchester,CT,06040
161,Emily,Cox,emilycox703@hotmail.com,695-233-6753,507 Castlebrook Drive ,Montgomery,AL,36110
162,Melissa,Martin,melissamartin740@hotmail.com,571-755-7891,3426 Broadview Street ,Montgomery,AL,36110
163,Kyle,Bautista,kylebautista926@yahoo.com,947-166-4040,505 Southeast 32nd Street ,Oklahoma City,OK,73129
164,Krista,Barber,kristabarber307@hotmail.com,171-388-3267,7 Vantine Avenue ,Alburgh,VT,05440
165,Randy,Todd,randytodd519@yahoo.com,929-056-0557,127 Grand Heron Drive ,Panama City,FL,32407
166,Melanie,Browning,melaniebrowning945@yahoo.com,990-618-8605,2868 Peak Road ,Wheelock,VT,05851
167,Rebecca,Mendoza,rebeccamendoza378@hotmail.com,333-588-6010,9 Thomas Street ,Ashland,MA,01721
168,Jonathan,Clark,jonathanclark245@gmail.com,313-263-3255,24 Lawton Road ,Manchester,CT,06042
169,Elijah,Hart,elijahhart32@gmail.com,427-371-4495,2201 Marks Mill Lane ,Fayetteville,AR,72703
170,Jeremy,Miller,jeremymiller819@hotmail.com,740-681-5176,73 Lower Main Street ,Morristown,VT,05661
171,Teresa,Haynes,teresahaynes290@hotmail.com,190-255-5450,81 Buck Hill Road ,Guilford,VT,05301
172,Frederick,Alvarez,frederickalvarez899@gmail.com,113-014-5562,2441 Chase Park Drive ,Montgomery,AL,36110
173,Adam,Weeks,adamweeks330@hotmail.com,118-562-1596,132 Tensaw Road ,Montgomery,AL,36117
174,Patrick,Lamb,patricklamb394@yahoo.com,474-817-0155,2107 Elfen Glen Apt B,Van Buren,AR,72956
175,Gloria,Collins,gloriacollins417@yahoo.com,579-574-9146,68 Hampstead Place ,Athol,MA,01331
176,Zachary,Gonzalez,zacharygonzalez143@yahoo.com,258-766-0553,195 Nursery Street #D10,Springfield,MA,01104
177,Amanda,Logan,amandalogan783@hotmail.com,925-137-7543,20375 Wisteria Street ,Castro Valley,CA,94546
178,Jeffrey,Lee,jeffreylee687@yahoo.com,932-416-1990,217 West Congress Street ,Savannah,GA,31401
179,Jesse,Parsons,jesseparsons529@hotmail.com,406-711-8467,235 Brock Bridge Road ,Laurel,MD,20724
180,Cheryl,Johnson,cheryljohnson950@gmail.com,579-243-7719,1 Pond View Road ,Proctor,VT,05765
181,Crystal,Cruz,crystalcruz521@yahoo.com,958-666-5170,199 Spencer Street ,Manchester,CT,06040
182,Steven,Pierce,stevenpierce920@hotmail.com,326-302-2888,3079 North Bentley Ridge ,Fayetteville,AR,72704
183,Daniel Edwards,DDS,danieldds730@yahoo.com,703-361-1871,10826 Pointe Royal Drive ,Bakersfield,CA,93311
184,Christopher,Petersen,christopherpetersen736@hotmail.com,898-135-9918,6601 North 62nd Avenue ,Glendale,AZ,85301
185,Donna,Foster,donnafoster967@gmail.com,528-774-0999,2732 Rosedale Place ,Nashville,TN,37211
186,Jennifer,Diaz,jenniferdiaz903@hotmail.com,879-813-3382,159 Downey Drive A,Manchester,CT,06040
187,Natalie,Lewis,natalielewis938@hotmail.com,753-027-3764,905 C Street Northeast ,Washington,DC,20002
188,James,Bray,jamesbray584@yahoo.com,546-705-0143,312 Westhill Avenue ,Inverness,FL,34452
189,Dr. Desiree,MD,dr.md83@hotmail.com,540-562-4588,464 Springfield Street ,Wilbraham,MA,01095
190,Laura,Simmons,laurasimmons564@gmail.com,186-466-9876,8595 North 71st Avenue #1,Glendale,AZ,85301
191,Sheryl,Acosta,sherylacosta300@hotmail.com,894-065-5622,25 Wendys Way ,Harwich,MA,02645
192,Chad,Lee,chadlee112@gmail.com,262-110-7009,6221 West Wethersfield Road ,Glendale,AZ,85304
193,Samantha,Cortez,samanthacortez443@yahoo.com,738-631-7003,2307 East 72nd Avenue ,Anchorage,AK,99507
194,Jay,Austin,jayaustin502@yahoo.com,105-852-1570,95 Briarwood Drive ,Manchester,CT,06040
195,Bradley,Zimmerman,bradleyzimmerman95@hotmail.com,384-413-7778,5472 Sunstar Common ,Fremont,CA,94555
196,Joshua,Smith,joshuasmith563@gmail.com,130-637-5734,1401 Cordova Street #APT 000006,Anchorage,AK,99501
197,Jennifer,Thompson,jenniferthompson840@hotmail.com,725-737-0795,46 Apel Place ,Manchester,CT,06042
198,Michael,Salazar,michaelsalazar712@yahoo.com,519-802-7050,14 School Street ,Medway,MA,02053
199,Aaron Johnson,DDS,aarondds628@hotmail.com,643-276-0732,600 12th Avenue South #833,Nashville,TN,37203
200,Cheyenne,Bass,cheyennebass735@yahoo.com,158-230-8712,954 Dowler Drive ,Eureka,CA,95501
201,Stephen,Gomez,stephengomez359@hotmail.com,275-062-5680,8315 Surf Drive ,Panama City Beach,FL,32408
202,Sandra,Turner,sandraturner323@hotmail.com,444-025-7902,17794 West 77th Lane ,Arvada,CO,80007
203,Tara,Mcdaniel,taramcdaniel326@gmail.com,350-673-6956,9346 West 66th Place ,Arvada,CO,80004
204,Regina,Andrews,reginaandrews707@gmail.com,377-086-4891,25800 Industrial Boulevard V,Hayward,CA,94545
205,Rebekah,Hale,rebekahhale356@yahoo.com,867-174-2838,2246 West Fairview Avenue ,Montgomery,AL,36108
206,Cameron,Garcia,camerongarcia365@hotmail.com,836-016-6696,244 La Normandy Drive ,Louisville,KY,40223
207,Kyle,Nguyen,kylenguyen989@hotmail.com,713-406-2456,16031 West 63rd Lane E,Arvada,CO,80403
208,Brenda,Carpenter,brendacarpenter132@gmail.com,533-224-1071,701 Mussel Slough Road ,Hanford,CA,93230
209,Kristin,Irwin,kristinirwin407@hotmail.com,462-768-8558,2728 Hale Avenue ,Louisville,KY,40211
210,Alexis,Griffith,alexisgriffith8@yahoo.com,677-386-8304,5136 Gaines Street ,Oklahoma City,OK,73135
211,Andrew,Webb,andrewwebb688@gmail.com,431-403-6363,60 Desousa Drive ,Manchester,CT,06040
212,Andrew,Livingston,andrewlivingston976@gmail.com,639-378-2658,317 Windsor Road ,Savannah,GA,31419
213,Susan,Stevenson,susanstevenson742@hotmail.com,593-552-5991,5708 West Union Hills Drive ,Glendale,AZ,85308
214,Dennis,Weiss,dennisweiss211@yahoo.com,885-252-1708,712 Wilsonwood Place ,Nashville,TN,37206
215,Matthew,Nelson,matthewnelson262@gmail.com,809-057-9311,3752 Roswell Place ,Montgomery,AL,36116
216,Lisa,Brown,lisabrown161@hotmail.com,123-122-5845,3340 Woodpark Drive ,Montgomery,AL,36116
217,Amy,Price,amyprice825@yahoo.com,360-257-8819,5747 West Missouri Avenue #122,Glendale,AZ,85301
218,Albert,Jimenez,albertjimenez195@hotmail.com,740-770-0141,12 Saint Andrews Crossover ,Severna Park,MD,21146
219,Sarah,Peterson,sarahpeterson279@yahoo.com,636-470-0445,2500 Medallion Drive #APT 148,Union City,CA,94587
220,Ricky,Schneider,rickyschneider999@hotmail.com,370-082-8313,1489 Falcon Nest Court ,Arnold,MD,21012
221,Tamara,Williams,tamarawilliams254@gmail.com,875-441-1437,628 Ayrlie Water Road ,Gibson Island,MD,21056
222,William,Johnston,williamjohnston678@yahoo.com,984-575-7683,2113 Bowen Drive ,Montgomery,AL,36106
223,Lynn,Bennett,lynnbennett450@yahoo.com,114-537-5572,6231 North 67th Avenue #241,Glendale,AZ,85301
224,Aaron,Young,aaronyoung784@hotmail.com,697-177-9841,1901 North Midwest Boulevard ,Edmond,OK,73034
225,Steve,Chavez,stevechavez89@gmail.com,176-782-1154,12901 Mission Circle ,Anchorage,AK,99516
226,Lauren,Brown,laurenbrown7@yahoo.com,951-576-3718,39 Cottage Street ,Athol,MA,01331
227,Margaret,Carr,margaretcarr98@gmail.com,561-261-3269,4960 Maple Grove Drive ,Fayetteville,AR,72764
228,Morgan Gordon,MD,morganmd869@gmail.com,265-163-3574,1513 Cathy Street ,Savannah,GA,31415
229,Paul,Johnson,pauljohnson377@yahoo.com,152-535-0984,1742 Allerford Drive ,Hanover,MD,21076
230,Julie,Williams,juliewilliams715@gmail.com,179-301-6159,104 Lakeridge Drive ,Panama City,FL,32405
231,Joseph,Martinez,josephmartinez809@hotmail.com,215-075-0129,716 O Street #APT 000010,Anchorage,AK,99501
232,Crystal,Meza,crystalmeza186@yahoo.com,977-121-3587,5701 North 67th Avenue #143,Glendale,AZ,85301
233,Audrey,Chaney,audreychaney603@yahoo.com,377-004-2308,700 Revels Drive ,Nashville,TN,37207
234,Edward,Kemp,edwardkemp797@gmail.com,950-835-9411,7124 West Morrow Drive ,Glendale,AZ,85308
235,Courtney,Walls,courtneywalls369@yahoo.com,905-548-3480,1797 Pasatiempo Drive ,Chico,CA,95928
236,Shannon Miller,DDS,shannondds597@hotmail.com,271-156-2688,8380 Lockwood Road ,Pasadena,MD,21122
237,Sandra,Roberts,sandraroberts831@yahoo.com,930-846-5239,922 Judge Court East ,West River,MD,20778
238,Keith,Oneill,keithoneill173@gmail.com,538-685-7985,24 Amherst Drive ,Manchester,CT,06042
239,Timothy,Palmer,timothypalmer494@hotmail.com,802-880-8097,1623 Mines Road ,Lowell,VT,05847
240,Sydney,Wilson,sydneywilson298@gmail.com,859-081-6389,8101 Northwind Avenue ,Anchorage,AK,99504
241,Nicole,Williams,nicolewilliams442@yahoo.com,126-882-5049,537 East Waldburg Street ,Savannah,GA,31401
242,Andrea,Weiss,andreaweiss696@hotmail.com,298-527-0256,72 Salmon Road ,Alameda,CA,94502
243,Cody,Nunez,codynunez782@hotmail.com,617-715-6461,11724 Rushmore ,Oklahoma City,OK,73162
244,Eric,Cherry,ericcherry217@hotmail.com,699-026-6717,17 Elm Street #4,Cambridge,MA,02139
245,Ryan,Hardy,ryanhardy574@gmail.com,691-622-3466,4 Eastview Lane ,Savannah,GA,31410
246,Gabriel,Turner,gabrielturner964@gmail.com,543-167-7845,519 West 75th Avenue #APT 000003,Anchorage,AK,99518
247,Brandy,Baldwin,brandybaldwin694@gmail.com,800-651-4136,1701 Atlantic Street ,Union City,CA,94587
248,Gregory,Howard,gregoryhoward619@yahoo.com,806-211-4762,2410 Pafford Drive ,Nashville,TN,37206
249,Michael,Rogers,michaelrogers887@yahoo.com,428-548-5484,5721 Frank Hough Road ,Panama City,FL,32404
250,Denise,Knight,deniseknight238@yahoo.com,692-274-1962,1397 Tallac Lane ,Lincoln,CA,95648
251,Nicholas,Brown,nicholasbrown256@yahoo.com,178-380-2272,6463 Vrain Street ,Arvada,CO,80003
252,Taylor,Harris,taylorharris735@hotmail.com,656-283-4561,4537 Tanglewood Trail ,Boulder,CO,80301
253,Laura,Mason,lauramason707@gmail.com,489-118-1801,2414 Parker Street #R 16,Berkeley,CA,94704
254,Patrick,Walls,patrickwalls838@yahoo.com,106-204-7215,716 O Street #APT 000010,Anchorage,AK,99501
255,Michelle,Underwood,michelleunderwood322@yahoo.com,667-654-1200,4 Cutting Avenue ,Worcester,MA,01606
256,Nicole,Evans,nicoleevans834@yahoo.com,797-618-3204,8506 Laviento Drive ,Anchorage,AK,99515
257,Rachel,Taylor,racheltaylor582@gmail.com,432-636-3781,2375 South School Avenue #5,Fayetteville,AR,72701
258,Jamie,Davenport,jamiedavenport677@yahoo.com,892-262-8519,589 East Main Street ,Newport,VT,05855
259,Micheal,Lee,micheallee47@gmail.com,132-283-7101,3207 Art Hall Lane ,Pasadena,MD,21122
260,John,Savage,johnsavage190@gmail.com,274-048-9524,10980 Splendor Loop ,Anchorage,AK,99577
261,Johnathan,Morgan,johnathanmorgan76@gmail.com,939-438-4911,120 North Hurstbourne Parkway #622,Louisville,KY,40222
262,Tammy,Fields,tammyfields235@yahoo.com,612-748-4900,6145 East Castro Valley Boulevard ,Castro Valley,CA,94552
263,Sean,White,seanwhite931@gmail.com,589-812-8698,41 Fairway Drive ,Tewksbury,MA,01876
264,Trevor,Hood,trevorhood873@hotmail.com,700-113-6818,800 Quacco Road #3,Savannah,GA,31419
265,Vincent,Glenn,vincentglenn77@yahoo.com,101-037-2127,21323 North 64th Avenue ,Glendale,AZ,85308
266,Jeffrey,Simmons,jeffreysimmons654@hotmail.com,983-353-5571,95 Westbourne Way ,Pooler,GA,31322
267,Kayla,Dixon,kayladixon200@gmail.com,740-506-3619,8125 Glynnwood Drive ,Montgomery,AL,36117
268,Thomas,Patrick,thomaspatrick131@hotmail.com,512-786-4221,8700 Seaton Boulevard ,Montgomery,AL,36116
269,Brandon,Taylor,brandontaylor724@yahoo.com,868-736-0921,923 K Street Northeast ,Washington,DC,20002
270,Nancy,Wallace,nancywallace559@gmail.com,400-110-9323,2747 68th Avenue ,Oakland,CA,94605
271,Antonio,Smith,antoniosmith867@hotmail.com,420-832-4724,4075 North Cadillac Drive #2,Fayetteville,AR,72703
272,Edward,Dawson,edwarddawson765@gmail.com,703-487-1815,244 La Normandy Drive ,Louisville,KY,40223
273,Christopher,Clayton,christopherclayton513@yahoo.com,724-200-3236,205 Harrison Avenue ,Louisville,KY,40243
274,Dr. William,Harrington,dr.harrington165@yahoo.com,239-577-2357,1021 North Center Avenue ,Panama City,FL,32401
275,Rhonda,Peterson,rhondapeterson530@gmail.com,172-424-4646,5938 Laguna Honda Street ,Redding,CA,96001
276,Amanda,Nielsen,amandanielsen125@yahoo.com,181-084-7304,60 Willow Lakes Drive ,Savannah,GA,31419
277,Kimberly,Lewis,kimberlylewis759@yahoo.com,290-678-8580,615 Sand Road ,Severn,MD,21144
278,Dominique,Glover,dominiqueglover613@yahoo.com,783-062-2329,6047 Cole Court ,Arvada,CO,80004
279,Kevin,Fields,kevinfields466@yahoo.com,653-170-4553,2909 Flamstead Road ,Chester,VT,05143
280,Autumn,Torres,autumntorres418@hotmail.com,143-134-0155,653 Vermont 12 ,Hartland,VT,05048
281,John,Cortez,johncortez775@hotmail.com,761-814-9496,5581 Nolan Street ,Arvada,CO,80002
282,Caleb,Hansen,calebhansen614@gmail.com,982-724-7027,3420 Horseshoe Circle ,Montgomery,AL,36116
283,John,Peck,johnpeck25@yahoo.com,460-211-4716,309 Glenwood Avenue ,Glen Burnie,MD,21061
284,Steven,Scott,stevenscott224@gmail.com,562-680-2667,8101 Northwind Avenue ,Anchorage,AK,99504
285,Kristen,Glover,kristenglover186@gmail.com,670-047-4767,7101 West Beardsley Road #151,Glendale,AZ,85308
286,Ryan,James,ryanjames922@gmail.com,826-885-1820,4907 Roger Drive ,Anchorage,AK,99507
287,Joe,Greene,joegreene670@gmail.com,495-147-1221,910 Arlington Terrace ,Fayetteville,AR,72701
288,Rose,Wallace,rosewallace646@gmail.com,275-450-3505,31770 Alvarado Boulevard #102,Union City,CA,94587
289,Michael,Obrien,michaelobrien492@yahoo.com,327-530-7253,15267 Hesperian Boulevard #32,San Leandro,CA,94578
290,Jeffery,Nunez,jefferynunez373@hotmail.com,460-458-6907,201 Juniper Springs Drive #311,Mammoth Lakes,CA,93546
291,Thomas,Gonzalez,thomasgonzalez884@yahoo.com,147-140-9971,2064 West Columbia Way ,Hanford,CA,93230
292,Amy,Johnson,amyjohnson128@hotmail.com,809-148-0605,227 West Montgomery Cross Road #736,Savannah,GA,31406
293,Michael,Johnson,michaeljohnson850@gmail.com,631-116-2029,1930 Churchview Court ,Millersville,MD,21108
294,Stephen,Rowe,stephenrowe578@yahoo.com,172-248-3015,600 West North Street #D2,Fayetteville,AR,72701
295,Gary,Lane,garylane472@hotmail.com,552-677-9617,1313 Southwest 14th Street ,Oklahoma City,OK,73108
296,Kevin,Cannon,kevincannon832@hotmail.com,513-842-6268,4306 Bylsma Circle ,Panama City,FL,32404
297,Cynthia,Pacheco,cynthiapacheco137@hotmail.com,839-201-8673,102 East Ash Road ,Plymouth,VT,05056
298,Elizabeth,Hernandez,elizabethhernandez359@yahoo.com,665-544-6844,18789 Crane Avenue ,Castro Valley,CA,94546
299,Richard,Santos,richardsantos719@hotmail.com,451-405-1512,1909 Seventh Street M,Berkeley,CA,94710
300,James,White,jameswhite903@hotmail.com,973-623-1821,1418 Paddocks Court ,Crownsville,MD,21032
301,Patrick,Mack,patrickmack89@hotmail.com,455-018-0508,1079 East Kentucky Street ,Louisville,KY,40204
302,Nicole,Wells,nicolewells898@yahoo.com,215-461-6069,800 Quacco Road #3,Savannah,GA,31419
303,Melissa,Powell,melissapowell447@hotmail.com,492-084-3869,7912 Depew Street ,Arvada,CO,80003
304,Megan,Thompson,meganthompson144@yahoo.com,115-131-6393,1439 2nd Street ,Panama City,FL,32409
305,Emily,Meyers,emilymeyers545@hotmail.com,458-845-6336,17020 West 64th Drive ,Arvada,CO,80007
306,David,Murphy,davidmurphy448@hotmail.com,601-780-7753,1334 East 14th Avenue #APT 000004,Anchorage,AK,99501
307,Joshua,Estrada,joshuaestrada960@yahoo.com,287-660-8422,8526 Preston Highway ,Louisville,KY,40219
308,Scott,Sanders,scottsanders3@yahoo.com,813-200-4213,7 Cloutman Street #1,Salem,MA,01970
309,Brittany,Howard,brittanyhoward468@hotmail.com,237-883-3523,2224 East Tall Oaks Drive ,Fayetteville,AR,72703
310,Amy,Benjamin,amybenjamin300@gmail.com,190-771-2644,1420 Turtleback Trail ,Panama City,FL,32413
311,Daniel,Robinson,danielrobinson939@hotmail.com,818-220-9644,5526 Thalman Drive ,Brentwood,TN,37027
312,Alan,Barr,alanbarr986@yahoo.com,309-856-7959,1380 Quincy Street Northwest ,Washington,DC,20011
313,Gary,Ramirez,garyramirez595@gmail.com,883-765-0520,6821 Northwest 25th Street ,Bethany,OK,73008
314,Leslie,Guerra,leslieguerra759@hotmail.com,189-013-9708,2310 Donleigh Court ,Louisville,KY,40222
315,Rebecca,Smith,rebeccasmith170@yahoo.com,217-440-5917,16303 Mateo Street ,San Leandro,CA,94578
316,Timothy,Bentley,timothybentley340@hotmail.com,382-416-2180,2707 Eden Street ,Nashville,TN,37208
317,Tammy,Ward,tammyward682@yahoo.com,953-886-2174,13066 North 56th Avenue ,Glendale,AZ,85304
318,Paul,Glass,paulglass621@yahoo.com,102-540-5022,1850 Berryhill Place ,Montgomery,AL,36117
319,Catherine,Fry,catherinefry997@hotmail.com,336-125-6629,319 West Silverwood Drive ,Midwest City,OK,73110
320,Megan,Garcia,megangarcia461@hotmail.com,479-555-4343,8415 Running Spring Drive ,Louisville,KY,40241
321,William,Marks,williammarks781@gmail.com,914-664-5992,275 Ridge Lane #204,Waltham,MA,02452
322,John,Stevenson,johnstevenson91@hotmail.com,283-472-6020,1804 Calhoun Avenue ,Panama City,FL,32405
323,Rebecca,Turner,rebeccaturner347@hotmail.com,121-421-3481,5144 Cattail Court ,Fayetteville,AR,72701
324,Michelle,Martin,michellemartin549@hotmail.com,401-404-6312,12610 Webber Road ,Fountain,FL,32438
325,Brandon,Yang,brandonyang120@yahoo.com,567-364-9169,4601 Reka Drive #APT 000019,Anchorage,AK,99508
326,Drew,Burgess,drewburgess240@hotmail.com,212-151-7368,382 Ocean Avenue #1602,Revere,MA,02151
327,Amy,Grimes,amygrimes997@hotmail.com,157-724-1126,8219 Minor Lane #9,Louisville,KY,40219
328,Michelle,Ellis,michelleellis617@gmail.com,817-182-1880,1915 Southeast 29th Street ,Oklahoma City,OK,73129
329,Kaylee,Morgan,kayleemorgan876@gmail.com,815-155-8004,62 Prospect Avenue #1,Quincy,MA,02170
330,Maureen,Hicks,maureenhicks388@yahoo.com,337-607-6852,17794 West 77th Lane ,Arvada,CO,80007
331,Lauren,Reeves,laurenreeves319@gmail.com,932-130-5005,27 Cabbage Crossing ,Savannah,GA,31411
332,Theresa,Smith,theresasmith200@gmail.com,437-040-4723,287 Lawndale Drive ,Nashville,TN,37211
333,David,James,davidjames332@gmail.com,445-522-1986,150 Somersby Boulevard ,Pooler,GA,31322
334,Brian,Kelley,briankelley873@hotmail.com,979-121-9956,1320 Huffman Park Drive #STE 000170,Anchorage,AK,99515
335,Gregory,Armstrong,gregoryarmstrong654@yahoo.com,668-868-8981,406 East Waldburg Street ,Savannah,GA,31401
336,Latoya,Adams,latoyaadams819@hotmail.com,868-052-8808,195 Kennedy Road ,Manchester,CT,06042
337,Donna,Noble,donnanoble623@yahoo.com,576-804-4322,1428 Flatwood Court ,Crofton,MD,21114
338,Traci,Craig,tracicraig826@yahoo.com,403-687-6094,115 Waddell Road ,Manchester,CT,06040
339,Stephanie,Charles,stephaniecharles966@hotmail.com,923-404-0779,152 Teddy Drive ,Union City,CA,94587
340,Jeffrey,White,jeffreywhite315@gmail.com,566-025-6507,6100 Bullard Drive ,Oakland,CA,94611
341,Robert,Klein,robertklein657@gmail.com,249-513-2629,5385 Iris Street ,Arvada,CO,80002
342,Pamela,Lin,pamelalin505@hotmail.com,315-008-9933,200 Redwood Road ,Manchester,CT,06040
343,Amber,Russell,amberrussell691@gmail.com,538-788-8806,491 Arabian Way ,Grand Junction,CO,81504
344,Travis,Cox,traviscox614@yahoo.com,653-416-4078,409 Snook Lane ,Panama City Beach,FL,32408
345,Jill,Garcia,jillgarcia602@gmail.com,195-478-4750,3819 Dartmouth Avenue ,Nashville,TN,37215
346,Amy,Compton,amycompton210@gmail.com,607-275-4618,14 Tranquil Place ,Pooler,GA,31322
347,Daniel,Erickson,danielerickson179@gmail.com,767-308-3005,5715 Saint Matthew Drive ,Newark,CA,94560
348,Jason,Carr,jasoncarr757@gmail.com,403-161-9357,2654 Quiet Water Cove ,Annapolis,MD,21401
349,Julia,Ochoa,juliaochoa324@gmail.com,714-026-5551,34 Belair Drive ,Holbrook,MA,02343
350,Patricia,Adams,patriciaadams913@hotmail.com,129-202-4784,7041 Dover Avenue ,North Beach,MD,20714
351,Sara,Thomas,sarathomas316@gmail.com,648-824-7252,6622 West Altadena Avenue ,Glendale,AZ,85304
352,Michael,Turner,michaelturner948@hotmail.com,841-717-8363,9302 West 58th Avenue ,Arvada,CO,80002
353,Frank,Anderson,frankanderson979@gmail.com,740-486-5400,1261 Sioux Terrace ,Nashville,TN,37115
354,Kara,Anderson,karaanderson858@hotmail.com,348-057-5244,2076 North Crossover Road ,Fayetteville,AR,72703
355,Angela,Monroe,angelamonroe604@hotmail.com,286-266-5116,905 C Street Northeast ,Washington,DC,20002
356,Alexandra,Wall,alexandrawall513@gmail.com,583-537-7691,1123 Ardee Avenue ,Nashville,TN,37216
357,Julie,Edwards,julieedwards814@yahoo.com,549-344-0029,4430 Davenport Street Northwest ,Washington,DC,20016
358,Angela,Hudson,angelahudson20@yahoo.com,225-208-1098,172 Alburg Springs Road ,Alburgh,VT,05440
359,Brittany,Ford,brittanyford113@hotmail.com,133-810-6637,8 Chandler Street ,Plymouth,MA,02360
360,Wendy,Davis,wendydavis734@gmail.com,124-043-4335,1725 Oxford Street #R 108,Berkeley,CA,94709
361,Charles,Martinez,charlesmartinez363@yahoo.com,415-532-2550,1117 Everett Avenue ,Louisville,KY,40204
362,Donna,Moore,donnamoore482@hotmail.com,984-228-0588,3100 Don Juan Court ,Montgomery,AL,36110
363,Jesse,Gardner,jessegardner247@hotmail.com,556-836-7244,5 Irving Street ,Easthampton,MA,01027
364,Jerry,Barnes,jerrybarnes51@yahoo.com,185-211-4575,28 Wayne Avenue ,Waltham,MA,02453
365,Mary,Jensen,maryjensen728@hotmail.com,844-563-7706,11012 Eagles Cove Drive ,Louisville,KY,40241
366,Helen,Turner,helenturner25@gmail.com,367-182-5402,623 Rhode Island Avenue Northwest ,Washington,DC,20001
367,Michael,Pace,michaelpace505@gmail.com,671-261-5413,208 Kinnaird Lane ,Louisville,KY,40243
368,Rebecca,Marshall,rebeccamarshall862@yahoo.com,434-002-6597,1220 Crow Berry Circle ,Anchorage,AK,99515
369,Matthew,Poole,matthewpoole303@gmail.com,621-811-6172,2113 Bowen Drive ,Montgomery,AL,36106
370,Alexandra,Carrillo,alexandracarrillo589@hotmail.com,816-400-0253,6622 West Altadena Avenue ,Glendale,AZ,85304
371,Matthew,Hill,matthewhill936@yahoo.com,592-508-7545,9472 Noble Way ,Arvada,CO,80007
372,Lori,Clark,loriclark860@hotmail.com,714-358-9385,11102 Little Rock Court ,Louisville,KY,40241
373,Daniel,Murphy,danielmurphy963@hotmail.com,379-413-7786,713 Millard Fuller Drive ,Montgomery,AL,36110
374,Tiffany,Freeman,tiffanyfreeman630@hotmail.com,771-712-9405,3313 East Tecumseh Road ,Norman,OK,73071
375,Angel,Sandoval,angelsandoval542@gmail.com,434-328-1852,2829 31st Street Northwest ,Washington,DC,20008
376,Jeffrey,Li,jeffreyli107@gmail.com,790-212-1697,6605 North 93RD Avenue #1016,Glendale,AZ,85305
377,Donald,Molina,donaldmolina192@gmail.com,795-175-9993,4255 Tanager Common ,Fremont,CA,94555
378,Robin,Cabrera,robincabrera305@gmail.com,293-277-1027,6818 North Lagoon Drive ,Panama City,FL,32408
379,Joseph,Allen,josephallen276@gmail.com,513-767-9375,8673 Burkitt Place Drive ,Nolensville,TN,37135
380,Eric,Gibson,ericgibson395@hotmail.com,987-702-6467,822 Bowden Street ,Savannah,GA,31415
381,Jesse,Baker,jessebaker108@yahoo.com,774-426-2997,8112 Equestrian Drive ,Severn,MD,21144
382,Colleen,Brown,colleenbrown707@yahoo.com,361-041-2576,2515 60th Avenue ,Oakland,CA,94605
383,Samuel,Watts,samuelwatts353@yahoo.com,225-255-2944,5112 Southwest 124th Place ,Oklahoma City,OK,73173
384,Joseph,Jackson,josephjackson875@gmail.com,206-716-5617,1211 Castine Court ,Pasadena,MD,21122
385,Amanda,Lane,amandalane69@hotmail.com,256-640-2410,165 Quincy Shore Drive #C27,Quincy,MA,02171
386,Keith,Sparks,keithsparks61@hotmail.com,149-414-1289,841 Whittier Hill Road ,BOS,VT,05647
387,Leslie,Brown,lesliebrown544@gmail.com,379-714-6575,1353 West 27th Avenue #APT 000004,Anchorage,AK,99503
388,Walter,Garcia,waltergarcia935@yahoo.com,825-806-4806,5208 Colorado Avenue Northwest ,Washington,DC,20011
389,Jonathan,Jennings,jonathanjennings268@hotmail.com,438-042-9317,17 Gregory Street ,Middleton,MA,01949
390,Pamela,Holmes,pamelaholmes641@gmail.com,656-410-1851,43949 South Moray Street ,Fremont,CA,94539
391,Steven,Bowman,stevenbowman639@yahoo.com,141-746-9917,73 Twin Hills Drive ,Longmeadow,MA,01106
392,Timothy,Evans,timothyevans868@hotmail.com,393-588-0694,4812 Alton Place Northwest ,Washington,DC,20016
393,Robert,Marshall,robertmarshall278@yahoo.com,180-722-6348,435 Benita Drive ,Nashville,TN,37211
394,Justin,Stevens,justinstevens551@gmail.com,365-406-8720,1125 West 41st Street ,Savannah,GA,31415
395,Rhonda Oconnor,MD,rhondamd837@hotmail.com,120-224-8590,2262 Hall Place Northwest ,Washington,DC,20007
396,Mark,Hawkins,markhawkins106@gmail.com,747-872-8422,26466 Mockingbird Lane ,Hayward,CA,94544
397,Tina,Chandler,tinachandler837@yahoo.com,381-606-6305,37608 2nd Street ,Fremont,CA,94536
398,Teresa,Nielsen,teresanielsen539@hotmail.com,110-854-2663,78 School Street ,Woburn,MA,01801
399,Kimberly,Gross,kimberlygross29@gmail.com,656-156-3353,35805 Alcazar Court ,Fremont,CA,94536
400,Kathleen,Perez,kathleenperez777@yahoo.com,321-661-9697,405 Flint Ridge Court ,Norman,OK,73072
401,Jeffrey,Brown,jeffreybrown865@yahoo.com,202-142-9784,1311 Durrett Lane ,Louisville,KY,40213
402,Kimberly,Simpson,kimberlysimpson354@gmail.com,533-067-0831,1428 Flatwood Court ,Crofton,MD,21114
403,Cynthia,Alexander,cynthiaalexander409@gmail.com,906-644-1440,7701 Southwest 104th Street ,Oklahoma City,OK,73169
404,Amanda,Hines,amandahines555@yahoo.com,844-624-1413,314 Mesa Street ,Wheatland,CA,95692
405,Diana,Fleming,dianafleming900@hotmail.com,929-281-7605,1771 Daisey Court ,Millersville,MD,21108
406,Lisa,Edwards,lisaedwards872@gmail.com,994-250-6420,600 Marshall Street #125,Louisville,KY,40202
407,Hannah,Jones,hannahjones373@hotmail.com,512-477-7192,234 East Beach Drive ,Panama City,FL,32401
408,Christine,Edwards,christineedwards968@gmail.com,604-518-6345,816 East 69th Street ,Savannah,GA,31405
409,Vanessa,Hall,vanessahall16@yahoo.com,922-102-1553,8841 Tempest Circle ,Anchorage,AK,99507
410,Glenn,Wilson,glennwilson383@hotmail.com,264-338-1057,1044 Stokes Road ,Montgomery,AL,36110
411,Hector,Morales,hectormorales945@gmail.com,409-263-4282,4319 West Claremont Street ,Glendale,AZ,85301
412,Nicholas,Cummings,nicholascummings116@yahoo.com,872-365-2692,31 Mitchell Road ,Manchester,CT,06042
413,Amanda,Landry,amandalandry566@hotmail.com,513-270-6354,832 51st Street Northeast ,Washington,DC,20019
414,Sandra,Johnson,sandrajohnson424@gmail.com,380-503-8064,65 Bay Drive ,Annapolis,MD,21403
415,Erin,Hunter,erinhunter571@yahoo.com,681-483-0546,1811 1st Street Northwest ,Washington,DC,20001
416,Mark,Davis,markdavis253@gmail.com,797-271-8131,44 Elm Street ,East Longmeadow,MA,01028
417,Mark,Harper,markharper180@yahoo.com,699-407-2724,49548 Road 200 ,O'Neals,CA,93645
418,Raymond,Green,raymondgreen455@gmail.com,285-743-5213,303 Addison Drive ,Glen Burnie,MD,21060
419,Michael,Barr,michaelbarr814@yahoo.com,490-681-4136,715 36.1 Road ,Palisade,CO,81526
420,David,Barton,davidbarton552@yahoo.com,841-155-3358,3708 Fort Lincoln Drive Northeast ,Washington,DC,20018
421,Judy,Garcia,judygarcia380@hotmail.com,889-656-4180,412 West Ila Street ,Fayetteville,AR,72701
422,Robert,Daugherty,robertdaugherty519@yahoo.com,777-053-2329,8262 Elvaton Road ,Millersville,MD,21108
423,Eric,Morgan,ericmorgan918@gmail.com,742-744-5671,3013 Sprowl Road #4,Jeffersontown,KY,40299
424,Carla,Goodman,carlagoodman859@gmail.com,511-147-5223,5606 Olde Wadsworth Boulevard #20,Arvada,CO,80002
425,David,Ford,davidford570@yahoo.com,863-467-1152,9472 Noble Way ,Arvada,CO,80007
426,Denise,Hoover,denisehoover511@hotmail.com,518-155-7375,529 Wesley Avenue ,Nashville,TN,37207
427,Aaron,Hall,aaronhall70@yahoo.com,781-022-5474,2409 Park Street ,Selma,CA,93662
428,Ryan,Stewart,ryanstewart43@yahoo.com,771-036-2816,4500 Margalo Avenue ,Bakersfield,CA,93313
429,Jessica,Bailey,jessicabailey27@gmail.com,592-673-1667,2237 Northwest 18th Street ,Oklahoma City,OK,73107
430,Maria,Sanders,mariasanders447@yahoo.com,616-240-1821,2209 East Manor Drive ,Fayetteville,AR,72701
431,Shannon,Ramirez,shannonramirez805@yahoo.com,900-747-8154,2835 Jed Road ,Escondido,CA,92027
432,Sarah,Everett,saraheverett43@gmail.com,115-020-3463,3141 North Lancaster Lane ,Fayetteville,AR,72703
433,Melanie,Bender,melaniebender322@hotmail.com,611-382-8010,5208 Colorado Avenue Northwest ,Washington,DC,20011
434,Michael,Jackson,michaeljackson39@yahoo.com,270-041-5617,1010 Hillcrest Drive ,Fort Collins,CO,80521
435,Steven,Morris,stevenmorris89@gmail.com,757-664-1521,1918 Spruce Street ,Boulder,CO,80302
436,James,Williams,jameswilliams93@gmail.com,796-252-9390,1303 Kearny Street Northeast ,Washington,DC,20017
437,Aaron,Hernandez,aaronhernandez530@gmail.com,440-602-3588,2315 Kimberly Drive ,Nashville,TN,37214
438,Anne,Anderson,anneanderson327@yahoo.com,389-657-4138,1656 Newton Street Northwest ,Washington,DC,20010
439,Daniel,Graham,danielgraham295@gmail.com,458-074-7484,8070 Holland Court ,Arvada,CO,80005
440,Michael,Henderson,michaelhenderson776@hotmail.com,538-115-1281,594 Putnam Avenue #2,Cambridge,MA,02139
441,Bryan,Burns,bryanburns804@yahoo.com,565-438-6485,30 Windermere Drive ,Agawam,MA,01030
442,Brianna,Snyder,briannasnyder48@hotmail.com,780-666-2860,8820 Culebra Street ,Arvada,CO,80007
443,Whitney,Gilbert,whitneygilbert146@yahoo.com,216-372-4065,38676 Greenwich Circle ,Fremont,CA,94536
444,Danny,Fletcher,dannyfletcher981@yahoo.com,897-804-0067,4409 Star Jasmine Court ,Bakersfield,CA,93304
445,Andrew,Phelps,andrewphelps541@gmail.com,236-616-7612,5740 North 59th Avenue #1156,Glendale,AZ,85301
446,James Medina,MD,jamesmd147@gmail.com,899-212-4063,8427 West Glendale Avenue #202,Glendale,AZ,85305
447,Joseph,Perez,josephperez667@gmail.com,923-263-4235,5614 Kipling Parkway #404,Arvada,CO,80002
448,Monique,Dougherty,moniquedougherty236@hotmail.com,372-242-5028,1770 Colony Way ,Fayetteville,AR,72704
449,Michael,Wallace,michaelwallace761@yahoo.com,755-830-4901,6601 West Ocotillo Road ,Glendale,AZ,85301
450,Lisa,Hays,lisahays617@gmail.com,534-510-7486,9009 West Nicolet Avenue ,Glendale,AZ,85305
451,Melissa,Ellis,melissaellis956@gmail.com,490-618-9087,6870 West 52nd Avenue ,Arvada,CO,80002
452,Michael,Moore,michaelmoore686@yahoo.com,501-066-0587,34 Main Street #5H,Gardner,MA,01440
453,John,Jackson,johnjackson518@yahoo.com,681-322-0737,6516 Nile Circle ,Arvada,CO,80007
454,Amanda,Sims,amandasims47@yahoo.com,643-318-0512,264 Crest Drive ,Soldotna,AK,99669
455,Michelle,Thompson,michellethompson318@hotmail.com,163-250-4364,3324 Valley Lee South ,Laurel,MD,20724
456,Craig,Daniels,craigdaniels801@hotmail.com,939-853-0710,40 Oliver Road ,Manchester,CT,06042
457,Peter,White,peterwhite562@hotmail.com,876-648-1886,615 Q Street Northwest ,Washington,DC,20001
458,Tanya,Clark,tanyaclark569@hotmail.com,842-317-1777,6703 Bluffview Circle ,Louisville,KY,40299
459,Justin,Farmer,justinfarmer616@hotmail.com,365-323-7228,1643 Oxford Street R C,Berkeley,CA,94709
460,Lisa,Alexander,lisaalexander877@gmail.com,355-672-1578,1606 Trevilian Way ,Louisville,KY,40205
461,Angela,Rowland,angelarowland663@yahoo.com,939-353-8850,612 E Street ,Marysville,CA,95901
462,Isaiah,Mejia,isaiahmejia282@hotmail.com,120-422-8821,1607 Louisiana Avenue ,Panama City,FL,32405
463,Krystal,Mccann,krystalmccann705@yahoo.com,603-454-2766,4960 Paddock Club Drive ,Montgomery,AL,36116
464,James,Carter,jamescarter714@yahoo.com,360-378-4546,2130 Winona Avenue ,Montgomery,AL,36107
465,Kimberly,Blevins,kimberlyblevins278@yahoo.com,663-734-1563,2036 Gorgas Street ,Montgomery,AL,36106
466,Leslie,Martinez,lesliemartinez104@yahoo.com,825-123-1490,3605 Normandy Place South ,Nashville,TN,37209
467,Eric,Brown,ericbrown480@yahoo.com,918-014-8646,19803 North Mitkof Loop ,Anchorage,AK,99577
468,Jason,Moore,jasonmoore221@yahoo.com,484-444-5621,200 Pheasant Avenue #103,Louisville,KY,40118
469,Amber,Bennett,amberbennett745@yahoo.com,379-441-7998,14505 Landis Villa Drive ,Louisville,KY,40245
470,Jacob,Austin,jacobaustin81@hotmail.com,300-224-0875,3505 Richmond Avenue #APT E6,Anchorage,AK,99508
471,Carlos,Henderson,carloshenderson744@hotmail.com,846-550-2145,5065 North 54th Avenue #8,Glendale,AZ,85301
472,Bruce,Ramirez,bruceramirez911@hotmail.com,464-878-6638,116 Frost Park ,Hartford,VT,05001
473,Dr. Catherine,Wilkins,dr.wilkins433@yahoo.com,828-640-6018,9805 Meadow Vale Drive ,Louisville,KY,40242
474,Nicole,Hernandez,nicolehernandez930@yahoo.com,781-158-2274,208 Waterford Drive ,Lynn Haven,FL,32444
475,Caitlin,Barnes,caitlinbarnes275@yahoo.com,773-303-9916,5 Westlund Avenue ,Auburn,MA,01501
476,Spencer,Webster,spencerwebster33@gmail.com,472-337-5979,10612 Middleground Road #312,Savannah,GA,31419
477,Nicholas,Conway,nicholasconway99@yahoo.com,965-241-5215,7 River Otter Lane ,Savannah,GA,31411
478,Rebecca,Finley,rebeccafinley567@hotmail.com,329-135-9176,143 Main Street ,Manchester,CT,06042
479,Vincent,Hill,vincenthill714@hotmail.com,610-670-0318,8522 Ingalls Circle ,Arvada,CO,80003
480,Mark,Sherman,marksherman963@hotmail.com,401-062-5452,5929 West Via Montoya Drive ,Glendale,AZ,85310
481,Gerald,Gomez,geraldgomez473@hotmail.com,349-001-4049,7057 Old Southwick Place ,Montgomery,AL,36117
482,Danny,Neal,dannyneal350@hotmail.com,215-787-7996,3313 East Tecumseh Road ,Norman,OK,73071
483,Dennis,Wood,denniswood819@hotmail.com,569-527-4343,3504 East 5th Street ,Panama City,FL,32401
484,Brian,Mckenzie,brianmckenzie243@hotmail.com,698-854-2755,8671 West 78th Circle ,Arvada,CO,80005
485,Ana,Higgins,anahiggins831@yahoo.com,554-555-8399,883 Rodney Drive ,Nashville,TN,37205
486,Raymond,Jones,raymondjones939@hotmail.com,994-825-0919,1010 M Street Northwest ,Washington,DC,20001
487,Catherine,Collins,catherinecollins819@gmail.com,318-135-2704,4313 Wisconsin Street #APT 000007,Anchorage,AK,99517
488,Alexander,Stein,alexanderstein197@hotmail.com,984-005-5041,557 West Willoughby Road ,Fayetteville,AR,72701
489,Kathleen,Munoz,kathleenmunoz171@hotmail.com,228-473-6167,10723 Colonial Woods Court ,Louisville,KY,40223
490,Ann,Pena,annpena315@hotmail.com,282-067-0646,6802 North 67th Avenue #19201,Glendale,AZ,85301
491,Nancy,Ferguson,nancyferguson1000@hotmail.com,434-461-5992,12002 Vanherr Drive ,Louisville,KY,40299
492,Jane,Mccullough,janemccullough594@yahoo.com,381-614-8982,3904 Martagon Circle ,Anchorage,AK,99516
493,Katherine,Greene,katherinegreene192@yahoo.com,893-051-7517,8820 Vaughn Road ,Montgomery,AL,36117
494,Stacey,Harris,staceyharris970@hotmail.com,232-851-2724,11507 East Neville Avenue ,Mesa,AZ,85209
495,Kathy,Villegas,kathyvillegas135@hotmail.com,517-343-6580,116 Frost Park ,Hartford,VT,05001
496,Jeremiah,Bridges,jeremiahbridges77@gmail.com,883-815-0750,201 West Street ,Annapolis,MD,21401
497,Ashley,Hall,ashleyhall666@yahoo.com,224-671-1409,1817 Southeast 14th Street ,Moore,OK,73160
498,Steven,Gibson,stevengibson786@yahoo.com,118-446-7518,3404 Lakeside Drive ,Anchorage,AK,99515
499,Joshua,Perez,joshuaperez413@hotmail.com,210-858-6533,8063 Regency Drive ,Pleasanton,CA,94588
500,Phillip,Russell,philliprussell286@yahoo.com,925-003-7600,78 School Street ,Woburn,MA,01801
501,Laura,Owen,lauraowen251@gmail.com,779-003-4745,1938 Arcadian Street ,Savannah,GA,31405
502,Andrea,Hanson,andreahanson111@hotmail.com,500-061-3663,3752 Roswell Place ,Montgomery,AL,36116
503,Andrew,Beard,andrewbeard20@hotmail.com,641-003-4382,517 Wesley Avenue ,Nashville,TN,37207
504,Ricky,Buchanan,rickybuchanan110@gmail.com,672-566-4991,6870 West 52nd Avenue ,Arvada,CO,80002
505,Tammy,Smith,tammysmith591@gmail.com,583-650-7373,1160 North College Avenue #2,Fayetteville,AR,72703
506,Renee,Rodriguez,reneerodriguez29@hotmail.com,489-064-1193,146 Walnut Street ,Manchester,CT,06040
507,Michelle,Davis,michelledavis641@yahoo.com,220-871-9039,144 Lauderdale Street ,Montgomery,AL,36116
508,Sherry,Johnston,sherryjohnston307@yahoo.com,677-075-8585,83 Kennedy Road ,Manchester,CT,06042
509,Austin,Brown,austinbrown1000@yahoo.com,114-001-3252,110 Castle Hill ,Manchester,CT,06040
510,Amanda,Gomez,amandagomez937@hotmail.com,700-733-3338,2306 Edinburgh Drive ,Montgomery,AL,36116
511,Matthew,Thompson,matthewthompson775@yahoo.com,752-455-4100,5208 Colorado Avenue Northwest ,Washington,DC,20011
512,Charles,Stone,charlesstone810@yahoo.com,945-470-9192,86 Highland Street ,Manchester,CT,06040
513,Erika,Hall,erikahall761@yahoo.com,185-377-2843,800 Old Stage Road ,Glen Burnie,MD,21061
514,Steven,Valentine,stevenvalentine73@hotmail.com,499-347-7257,4911 Alameda Street ,Panama City,FL,32404
515,Amy,Dyer,amydyer38@yahoo.com,147-737-0897,13213 Spanish Moss Road ,Savannah,GA,31419
516,Brian,Hill,brianhill526@yahoo.com,526-511-4289,322 East Taylor Street #1103,Savannah,GA,31401
517,Peter,Williams,peterwilliams754@yahoo.com,348-228-5350,1429 Harrison Avenue ,Panama City,FL,32401
518,Joshua,Davis,joshuadavis575@gmail.com,742-373-8541,111 Lakeview Terrace ,Lynn Haven,FL,32444
519,Peter,Santiago,petersantiago511@hotmail.com,916-140-2673,89 Augusta Drive #12,Fayetteville,AR,72703
520,James,Price,jamesprice750@yahoo.com,201-838-3118,80 South Main Street #1,Randolph,MA,02368
521,Mark,Knight,markknight978@yahoo.com,337-420-5897,14 Tranquil Place ,Pooler,GA,31322
522,Theresa,Conrad,theresaconrad410@gmail.com,165-626-1256,4632 Vermont 15 ,Wolcott,VT,05680
523,Cynthia,Kane,cynthiakane574@yahoo.com,537-035-5304,81 Lyness Street ,Manchester,CT,06040
524,Derek,Lambert,dereklambert642@yahoo.com,230-441-7756,1901 North Midwest Boulevard ,Edmond,OK,73034
525,Margaret,Russell,margaretrussell296@hotmail.com,604-782-3856,403 Irwin Street #APT 000003,Anchorage,AK,99508
526,Tamara,Mcgrath,tamaramcgrath901@yahoo.com,332-312-3076,26 Garfield Street ,Bristol,VT,05443
527,Sara,Brooks,sarabrooks346@hotmail.com,744-058-8319,4207 Ranch Drive ,Edmond,OK,73013
528,Cheryl,Smith,cherylsmith721@yahoo.com,564-535-0934,649 South 41st Street ,Louisville,KY,40211
529,Kara,Salinas,karasalinas907@hotmail.com,233-200-5936,29 Church Street D,Easthampton,MA,01027
530,Betty,Huffman,bettyhuffman582@yahoo.com,661-514-0354,37122 Contra Costa Avenue ,Fremont,CA,94536
531,Aaron,Parsons,aaronparsons380@yahoo.com,582-552-6062,637 Britannia Drive ,Vallejo,CA,94591
532,Michael,Jones,michaeljones235@yahoo.com,475-631-9818,540 East Appleby Road #105,Fayetteville,AR,72703
533,Brandi,Miles,brandimiles793@gmail.com,785-076-0306,1226 Blossom Circle ,Livermore,CA,94550
534,Wanda,Jones,wandajones237@yahoo.com,228-727-0519,9428 North 65th Drive ,Glendale,AZ,85302
535,Donna,Mejia,donnamejia352@gmail.com,239-367-7659,2505 Southwest 43rd Street ,Oklahoma City,OK,73119
536,Ann,Burns,annburns810@hotmail.com,654-216-0672,1413 G Street #STE 000001,Anchorage,AK,99501
537,Stephanie,Taylor,stephanietaylor709@hotmail.com,377-021-5112,22207 Quinterno Court ,Cupertino,CA,95014
538,Larry,King,larryking440@yahoo.com,339-868-9579,5024 West Christy Drive ,Glendale,AZ,85304
539,Christopher,Ward,christopherward496@yahoo.com,885-607-1746,7 Oliver Street #2,Athol,MA,01331
540,Christopher,Burch,christopherburch23@gmail.com,747-425-5953,16205 Wind Crest Way ,Edmond,OK,73013
541,Kyle,Hughes,kylehughes990@hotmail.com,592-570-8813,1514 Wyoming Avenue ,Lynn Haven,FL,32444
542,Lindsay,Hale,lindsayhale589@hotmail.com,764-162-6210,3607 R Street Northwest ,Washington,DC,20007
543,Brandon,Scott,brandonscott305@yahoo.com,951-635-2687,1823 Dinger Road ,Annapolis,MD,21402
544,Dawn,Hernandez,dawnhernandez257@gmail.com,423-081-2521,4032 Windwood Lane ,Nashville,TN,37214
545,Tonya,Morrison,tonyamorrison305@hotmail.com,744-007-4728,24 Lambert Street ,Medford,MA,02155
546,Anthony,Moore,anthonymoore690@gmail.com,498-688-1548,9399 Yucca Way ,Arvada,CO,80007
547,Dr. Hector,Jacobs,dr.jacobs703@gmail.com,903-272-9420,634 Chautauqua Avenue ,Norman,OK,73069
548,Tanner,Reyes,tannerreyes816@gmail.com,299-772-7581,9716 South Silver Lake Road ,Fountain,FL,32438
549,Amber,Gould,ambergould452@hotmail.com,435-370-0907,2400 Merry Street ,Nashville,TN,37208
550,Jordan,Mccoy,jordanmccoy402@hotmail.com,203-816-4179,2315 Chestnut Street ,Montgomery,AL,36107
551,Mark,Thomas,markthomas376@gmail.com,565-066-1944,5264 Shafter Avenue ,Oakland,CA,94618
552,Daniel,Herman,danielherman282@gmail.com,700-018-0545,46 Lilac Street ,Manchester,CT,06040
553,Kevin,Solis,kevinsolis716@gmail.com,574-773-5172,12 17th Place ,Tybee Island,GA,31328
554,Anthony,Sullivan,anthonysullivan94@hotmail.com,783-737-6813,2052 East 42nd Street ,Savannah,GA,31404
555,Linda,Watkins,lindawatkins757@gmail.com,994-857-3799,9730 West 81st Avenue ,Arvada,CO,80005
556,Zachary,Miller,zacharymiller431@hotmail.com,817-035-4468,464 Springfield Street ,Wilbraham,MA,01095
557,Amanda,Phelps,amandaphelps111@gmail.com,562-803-4098,2894 Music Avenue ,Grand Junction,CO,81506
558,Nathan,Graham,nathangraham911@gmail.com,671-162-8259,51 Bearing Circle ,Port Wentworth,GA,31407
559,Michael,Barrett,michaelbarrett572@hotmail.com,750-030-2811,4667 Benning Road Southeast ,Washington,DC,20019
560,Nathan,Butler,nathanbutler89@yahoo.com,199-024-4370,1010 10th Street Northeast ,Washington,DC,20002
561,Gary,Russell,garyrussell795@yahoo.com,309-742-4013,4667 Benning Road Southeast ,Washington,DC,20019
562,Lauren,Foster,laurenfoster185@yahoo.com,839-516-5430,595 West 15th Street ,Fayetteville,AR,72701
563,Sean,Oconnor,seanoconnor195@gmail.com,883-524-2773,361 Parmley Lane ,Nashville,TN,37207
564,Danielle,Castillo,daniellecastillo443@hotmail.com,107-651-5027,2068 Happy Lane ,Crofton,MD,21114
565,Gail,Mason,gailmason958@yahoo.com,937-776-4801,3100 Gentilly Court ,Montgomery,AL,36116
566,Jean,Sherman,jeansherman437@yahoo.com,216-751-3689,2140 Colony Loop ,Anchorage,AK,99507
567,Jason,Monroe,jasonmonroe47@gmail.com,400-511-3274,8277 Lamar Place ,Arvada,CO,80003
568,Robyn,Kidd,robynkidd264@hotmail.com,824-363-8156,1508 Massachusetts Avenue Southeast ,Washington,DC,20003
569,Anna,Baker,annabaker488@yahoo.com,724-422-7392,6369 West 70th Drive ,Arvada,CO,80003
570,Anthony,Jones,anthonyjones766@hotmail.com,795-446-4341,521 East 4th Street ,Panama City,FL,32401
571,Cynthia,Jordan,cynthiajordan945@hotmail.com,121-554-2100,302 East Granada Street ,Fayetteville,AR,72703
572,Robin,Carpenter,robincarpenter148@hotmail.com,727-203-6072,5906 Milton Avenue ,Deale,MD,20751
573,Jillian,Thomas,jillianthomas361@hotmail.com,167-230-8752,3035 Osprey Circle ,Panama City,FL,32405
574,Damon,Rodriguez,damonrodriguez550@gmail.com,503-100-1999,407 Bon Air Avenue ,Brooklyn Park,MD,21225
575,Cynthia,Tucker,cynthiatucker89@hotmail.com,313-324-6736,225 Almond Street #3E,Fall River,MA,02721
576,Vanessa,Smith,vanessasmith122@hotmail.com,790-310-4239,328 Missouri Avenue Northwest ,Washington,DC,20011
577,Katherine,Jordan,katherinejordan489@hotmail.com,225-007-0946,14300 Leesa Lane ,Edmond,OK,73013
578,Amanda,Smith,amandasmith143@hotmail.com,454-633-3616,720 Southwest 2nd Street ,Moore,OK,73160
579,Lauren,Buckley,laurenbuckley684@yahoo.com,945-250-7664,398 Gove Hill Road ,Thetford,VT,05075
580,Susan,Harris,susanharris54@hotmail.com,165-365-9094,2209 June Drive ,Nashville,TN,37214
581,Kelly,Peters,kellypeters364@hotmail.com,706-422-1525,2802 US Highway 98 BLDG F,Mexico Beach,FL,32456
582,Ashley,Neal,ashleyneal277@hotmail.com,254-115-3623,6311 West Wagoner Road ,Glendale,AZ,85308
583,Amber,Garrison,ambergarrison939@yahoo.com,818-882-7728,2 Addison Place ,Bloomingdale,GA,31302
584,Erica,Martin,ericamartin189@gmail.com,573-015-9620,14347 Corvallis Street ,San Leandro,CA,94579
585,Michael,Norton,michaelnorton486@yahoo.com,474-158-4936,1358 Scenic Avenue R B,Berkeley,CA,94708
586,Kyle,Smith,kylesmith520@gmail.com,335-631-3597,5408 Iris Street ,Arvada,CO,80002
587,Richard,Bennett,richardbennett80@hotmail.com,507-814-7320,1770 Colony Way ,Fayetteville,AR,72704
588,Morgan,Hayden,morganhayden165@gmail.com,446-230-9720,3328 Sunny Meadows Court ,Birmingham,AL,35242
589,Christopher,Sanchez,christophersanchez439@hotmail.com,523-338-6269,287 Lawndale Drive ,Nashville,TN,37211
590,Tina,Pruitt,tinapruitt644@yahoo.com,901-352-2794,370 Wallace Road #D-28,Nashville,TN,37211
591,Michael,Brown,michaelbrown886@gmail.com,400-587-7340,4755 Coventry Road ,Montgomery,AL,36116
592,Nathan,Cobb,nathancobb838@hotmail.com,219-173-3513,1528 Spruce Street M,Berkeley,CA,94709
593,Dr. Richard,Cortez,dr.cortez191@yahoo.com,141-858-6464,1219 North Storer Avenue #66,Fayetteville,AR,72703
594,Stephen,Frazier,stephenfrazier772@gmail.com,905-041-8676,5337 West Wheeler Road ,Fayetteville,AR,72704
595,Brooke,Lewis,brookelewis14@hotmail.com,939-463-7064,3437 Sommerville Drive ,Montgomery,AL,36111
596,Albert,Williams,albertwilliams73@yahoo.com,558-468-5321,10654 North 60th Avenue #2019,Glendale,AZ,85304
597,John,Boone,johnboone344@hotmail.com,630-664-7329,949 South Lawrence Street ,Montgomery,AL,36104
598,Scott,Durham,scottdurham979@yahoo.com,771-250-0566,4742 Bellevue Avenue ,Louisville,KY,40215
599,Kenneth,Bennett,kennethbennett721@yahoo.com,967-681-2764,3337 Woodpark Court ,Montgomery,AL,36116
600,Brenda,Costa,brendacosta718@yahoo.com,772-506-0593,6730 North 59th Drive #4,Glendale,AZ,85301
601,Steven,Meyer,stevenmeyer498@gmail.com,263-024-5618,7770 West Bell Road ,Glendale,AZ,85308
602,Claire,Hoffman,clairehoffman876@hotmail.com,440-415-6566,429 Dennison Ridge Drive ,Manchester,CT,06040
603,Courtney,Smith,courtneysmith619@hotmail.com,329-606-4059,219 Shana Road ,Glen Burnie,MD,21060
604,Patricia,Roy,patriciaroy907@yahoo.com,771-403-4877,775 47th Street ,Oakland,CA,94609
605,Haley,Peters,haleypeters91@yahoo.com,744-385-3138,2931 Shady Oaks Drive ,Evans,CO,80620
606,Sydney,Morales,sydneymorales479@gmail.com,647-553-8331,232 Maine Avenue ,Panama City,FL,32401
607,Jillian,Vance,jillianvance381@hotmail.com,139-826-6118,2560 Michigan Court ,Panama City,FL,32405
608,Susan,Figueroa,susanfigueroa706@gmail.com,187-671-6561,1265 Xavier Avenue ,Hayward,CA,94545
609,John,Simon,johnsimon439@yahoo.com,446-783-3251,2649 Firewood Drive ,Fayetteville,AR,72703
610,Timothy,Wilson,timothywilson585@gmail.com,337-011-9732,549 Elysian Fields Road ,Nashville,TN,37211
611,Chris,Jones,chrisjones532@hotmail.com,204-546-3602,104 Bennington Street ,Lawrence,MA,01841
612,Edgar,Anderson,edgaranderson905@gmail.com,167-732-1607,5 Little Deer Road ,Groton,VT,05046
613,John,Ryan,johnryan288@gmail.com,688-251-8276,2024 Merrily Drive ,Montgomery,AL,36111
614,Aaron,Schneider,aaronschneider168@hotmail.com,159-841-1403,9008 Grayson Grove Court ,Montgomery,AL,36117
615,Logan,Lopez,loganlopez755@hotmail.com,140-804-6384,6740 Dickerson Drive ,Anchorage,AK,99504
616,Courtney,Moreno,courtneymoreno286@gmail.com,990-002-9461,6366 West Aurora Drive ,Glendale,AZ,85308
617,Ashley,Olson,ashleyolson801@gmail.com,992-540-3919,8376 Albacore Drive ,Pasadena,MD,21122
618,Karen,Singleton,karensingleton74@gmail.com,519-581-6936,4408 Bonaparte Boulevard ,Midwest City,OK,73110
619,Adriana,Ward,adrianaward599@hotmail.com,505-061-2471,3538 Mendenhall Court ,Pleasanton,CA,94588
620,Dr. Evan,Marquez,dr.marquez983@yahoo.com,478-032-4659,40902 Ingersoll Terrace #APT 205,Fremont,CA,94538
621,David,Holland,davidholland971@hotmail.com,904-787-3154,8447 West 51st Avenue ,Arvada,CO,80002
622,Manuel,Moran,manuelmoran775@gmail.com,559-678-9632,91 85th Avenue ,Fayetteville,AR,72704
623,Carrie,Daniels,carriedaniels79@gmail.com,324-514-5966,645 Governor Bridge Road ,Davidsonville,MD,21035
624,Jennifer,Mccarthy,jennifermccarthy345@yahoo.com,367-021-5351,2318 Camryns Crossing ,Panama City,FL,32405
625,Patricia,Santiago,patriciasantiago987@yahoo.com,724-720-0468,3534 Saint Lawrence Road ,Nashville,TN,37080
626,Carrie,Ray,carrieray363@gmail.com,144-183-1843,1044 Stokes Road ,Montgomery,AL,36110
627,Erika,Cox,erikacox159@hotmail.com,544-503-4898,5130 Morris Way ,Fremont,CA,94536
628,Jillian,Summers,jilliansummers542@hotmail.com,839-558-5562,1823 Dinger Road ,Annapolis,MD,21402
629,Helen,Daniel,helendaniel964@gmail.com,549-860-6950,2544 Worthington Way ,Fayetteville,AR,72703
630,Robert,Wyatt,robertwyatt375@gmail.com,384-435-7003,244 La Normandy Drive ,Louisville,KY,40223
631,Christina,Smith,christinasmith589@hotmail.com,182-147-1827,161 Creek Road ,Middlebury,VT,05753
632,Lisa,Johnson,lisajohnson452@gmail.com,511-087-2172,129 Glen Street ,West Brattleboro,VT,05301
633,Sherri,Shepherd,sherrishepherd527@gmail.com,796-136-1262,1324 Beddington Park ,Nashville,TN,37215
634,Gregory James,DDS,gregorydds820@yahoo.com,295-408-3543,295 Townes Drive ,Nashville,TN,37211
635,Wanda,Conrad,wandaconrad885@yahoo.com,634-053-8932,6418 Iris Way ,Arvada,CO,80004
636,Debbie,Shields,debbieshields899@hotmail.com,344-675-1823,103 Edgewater Road A,Severna Park,MD,21146
637,Danielle,Skinner,danielleskinner556@hotmail.com,764-482-9246,159 Adams Street ,Manchester,CT,06040
638,Kelly,Burnett,kellyburnett478@hotmail.com,865-055-1886,1300 Lemos Lane ,Fremont,CA,94539
639,Curtis,Morales,curtismorales612@gmail.com,117-401-7017,1324 Beddington Park ,Nashville,TN,37215
640,Robert,Mcmillan,robertmcmillan806@gmail.com,992-862-6822,788 Williamson Road ,Montgomery,AL,36109
641,Rebecca,Williams,rebeccawilliams546@yahoo.com,206-122-9883,2052 East 42nd Street ,Savannah,GA,31404
642,Carolyn,Scott,carolynscott664@hotmail.com,603-030-7955,1460 Berger Street ,Odenton,MD,21113
643,Ronald,Gill,ronaldgill126@hotmail.com,589-852-2555,1217 Cottondale Road ,Montgomery,AL,36109
644,Mary,Green,marygreen201@yahoo.com,363-330-0134,19590 East Batavia Drive ,Aurora,CO,80011
645,Jessica,Hunter,jessicahunter527@hotmail.com,433-668-8991,7529 West 72nd Avenue #4,Arvada,CO,80003
646,Kevin,Moody,kevinmoody568@gmail.com,867-268-6034,14524 Lodestar Drive ,Grass Valley,CA,95949
647,Jamie,Rodriguez,jamierodriguez682@yahoo.com,317-824-4852,1552 Gibson Street ,Montgomery,AL,36110
648,William,Kelly,williamkelly462@yahoo.com,697-804-8667,218 Oleander Drive ,Panama City Beach,FL,32413
649,Lisa,Brown,lisabrown236@gmail.com,160-250-2044,1939 Greenwood Street ,Savannah,GA,31404
650,Erica,Dixon,ericadixon686@gmail.com,548-267-3203,8785 Ellis Court ,Arvada,CO,80005
651,Natalie,Mosley,nataliemosley962@hotmail.com,293-105-8315,301 Willow Way ,Lynn Haven,FL,32444
652,Travis,Gardner,travisgardner838@gmail.com,744-050-5459,2750 Gilmore Lane ##C304,Oroville,CA,95966
653,Andrea,Miller,andreamiller616@gmail.com,124-418-7614,8935 Cole Drive ,Arvada,CO,80004
654,Tami,Lutz,tamilutz180@gmail.com,740-821-0244,325 Joseph Circle ,Southport,FL,32409
655,Renee,Johnson,reneejohnson200@yahoo.com,834-440-2105,91 Eldridge Street ,Manchester,CT,06040
656,Dr. Jessica,Keith,dr.keith67@hotmail.com,478-414-0271,1011 San Jose Street ,San Leandro,CA,94577
657,Kelli,Foster,kellifoster874@yahoo.com,467-628-5261,61 Plymouth Lane ,Manchester,CT,06040
658,Crystal,Wolf,crystalwolf755@hotmail.com,733-522-7567,4000 Beth Manor Drive ,Montgomery,AL,36109
659,Michael,Patterson,michaelpatterson793@hotmail.com,911-875-7707,6506 North Lagoon Drive ,Panama City Beach,FL,32408
660,Amanda,Dillon,amandadillon600@gmail.com,109-475-0283,5900 Upland Road ,Brooklyn Park,MD,21225
661,Kimberly,Gallegos,kimberlygallegos110@hotmail.com,250-505-1364,13 Breezy Palm Way ,Savannah,GA,31406
662,John,Harvey,johnharvey126@yahoo.com,989-210-2147,313 Post Road ,Rutland,VT,05701
663,Ashley,Franco,ashleyfranco931@gmail.com,581-611-8269,9903 West 53rd Place ,Arvada,CO,80002
664,Christopher,Keith,christopherkeith103@yahoo.com,984-624-1776,91 Courthouse Drive ,Guildhall,VT,05905
665,Thomas,Romero,thomasromero104@hotmail.com,273-257-2232,3 Dayton Street ,Chelmsford,MA,01863
666,Desiree,Logan,desireelogan955@gmail.com,690-081-4184,3704 Hughes Road ,Louisville,KY,40207
667,Valerie,Barnett,valeriebarnett137@gmail.com,634-377-3134,451 East Street ,Huntington,VT,05462
668,Edward,Taylor,edwardtaylor673@gmail.com,887-687-6210,100 East Joyce Boulevard #110,Fayetteville,AR,72703
669,Stephanie,Johnson,stephaniejohnson844@gmail.com,367-720-7725,6391 West 60th Avenue #210,Arvada,CO,80003
670,Janice,Lopez,janicelopez909@hotmail.com,874-365-7321,2515 60th Avenue ,Oakland,CA,94605
671,Carlos,Morrow,carlosmorrow346@yahoo.com,708-517-5537,480 Keene Road ,Walden,VT,05836
672,Stephanie,Ortiz,stephanieortiz770@yahoo.com,344-447-3280,3014 R Street Northwest ,Washington,DC,20007
673,Austin,Hartman,austinhartman399@gmail.com,818-473-5692,152 Holly Court ,Mountain View,CA,94043
674,Amanda,Jones,amandajones616@gmail.com,145-875-8373,1397 Tallac Lane ,Lincoln,CA,95648
675,Morgan,Chung,morganchung698@hotmail.com,355-123-7352,3505 Albee Drive ,Nashville,TN,37076
676,Tamara,Fisher,tamarafisher914@gmail.com,691-456-7122,420 D Street Northwest ,Ardmore,OK,73401
677,Chad,Williams,chadwilliams147@yahoo.com,821-600-2030,225 Claude Street ,Annapolis,MD,21401
678,Lindsay,Preston,lindsaypreston522@hotmail.com,232-130-4493,733 Georgetown Drive ,Nashville,TN,37205
679,Stephanie,Glover,stephanieglover451@yahoo.com,152-635-9268,6412 Lenawee Street ,Panama City,FL,32404
680,Julie,Pierce,juliepierce34@yahoo.com,694-450-1739,906 West Berry Street #204,Fayetteville,AR,72701
681,Logan,Compton,logancompton237@hotmail.com,935-442-6177,644 Byam Road ,Bethel,VT,05032
682,Kenneth,Schneider,kennethschneider52@hotmail.com,603-558-0517,7105 Tanager Avenue ,Glen Burnie,MD,21060
683,James,Charles,jamescharles390@hotmail.com,626-835-9433,9828 East Pueblo Avenue ,Mesa,AZ,85208
684,Rachel,Duncan,rachelduncan360@hotmail.com,746-118-4497,4 Stemson Way ,Port Wentworth,GA,31407
685,Keith,Lopez,keithlopez222@yahoo.com,312-055-8566,1456 North Coghill Drive #106,Fayetteville,AR,72704
686,Jill,Davis,jilldavis571@yahoo.com,401-317-3029,1257 John Street ,Nashville,TN,37210
687,Jacob,Pierce,jacobpierce978@hotmail.com,318-130-0595,212 Burk Way ,Del City,OK,73115
688,Stephen,Cline,stephencline361@yahoo.com,797-724-6508,1515 Chandlee Avenue ,Panama City,FL,32405
689,Valerie,Frye,valeriefrye491@hotmail.com,992-481-3206,11256 Palos Verdes Court ,Cupertino,CA,95014
690,Stacey,Russell,staceyrussell455@hotmail.com,585-265-8870,1334 East 14th Avenue #APT 000004,Anchorage,AK,99501
691,Wanda,Davis,wandadavis588@gmail.com,868-767-9356,8726 Downey Road ,Severn,MD,21144
692,Jonathan,Richardson,jonathanrichardson971@yahoo.com,675-021-1592,9134 Brook Park Drive ,Montgomery,AL,36117
693,Colin,Walker,colinwalker862@hotmail.com,160-070-4233,22 South Duncan Avenue #420,Fayetteville,AR,72701
694,Kayla,Palmer,kaylapalmer377@hotmail.com,904-637-4297,1897 Poplar Ridge Road ,Pasadena,MD,21122
695,Michelle,Rivers,michellerivers117@gmail.com,470-717-5497,17433 Teklanika Drive ,Anchorage,AK,99577
696,Justin,Adams,justinadams748@gmail.com,376-350-6229,1217 Cottondale Road ,Montgomery,AL,36109
697,Susan,Armstrong,susanarmstrong427@yahoo.com,687-248-5254,111 Lakeview Terrace ,Lynn Haven,FL,32444
698,Bryan,Cervantes,bryancervantes692@hotmail.com,753-712-4177,2522 Fountain Avenue ,South Lake Tahoe,CA,96150
699,Kiara,Kelly,kiarakelly9@gmail.com,375-675-7121,24020 Reese Road ,Anchorage,AK,99567
700,Jennifer,Peterson,jenniferpeterson321@hotmail.com,420-215-1945,235 17th Street Southeast ,Washington,DC,20003
701,Christopher,Anderson,christopheranderson98@gmail.com,658-173-7259,5747 West Missouri Avenue #122,Glendale,AZ,85301
702,Joseph,Myers,josephmyers229@yahoo.com,256-687-0081,1917 Whitaker Street ,Savannah,GA,31401
703,Jessica,Hunter,jessicahunter629@gmail.com,191-803-5154,1630 Eton Way ,Crofton,MD,21114
704,Tracey,Vasquez,traceyvasquez825@hotmail.com,704-218-0473,3404 Lakeside Drive ,Anchorage,AK,99515
705,Tina,Sullivan,tinasullivan922@gmail.com,744-705-1339,28250 Dickens Avenue ,Hayward,CA,94544
706,Ronald,Smith,ronaldsmith446@hotmail.com,856-515-8391,3612 Jim Robison Drive ,Edmond,OK,73013
707,Taylor,Keller,taylorkeller410@gmail.com,726-560-9147,2433 Southwest 36th Street ,Oklahoma City,OK,73109
708,Andrea,Camacho,andreacamacho914@gmail.com,370-817-5034,110 Allen Place ,Farmington,AR,72730
709,Katherine,Webb,katherinewebb808@gmail.com,886-548-4365,2269 Eastern Boulevard ,Montgomery,AL,36117
710,Colin,Mckay,colinmckay636@yahoo.com,483-537-9807,8064 Claytie Circle ,Nashville,TN,37221
711,Eric,Ortega,ericortega87@hotmail.com,468-188-3175,11102 Little Rock Court ,Louisville,KY,40241
712,Luis,Mccarty,luismccarty311@gmail.com,416-515-6522,2130 Loren Circle ,Fayetteville,AR,72701
713,Lisa,Hendricks,lisahendricks123@yahoo.com,568-236-4643,1311 Northwest 98th Street ,Oklahoma City,OK,73114
714,Kenneth,Nelson,kennethnelson451@hotmail.com,396-858-0642,4024 Northwest 16th Street ,Oklahoma City,OK,73107
715,Michael,Wilson,michaelwilson154@hotmail.com,249-635-2976,195 Kennedy Road ,Manchester,CT,06042
716,Samantha,Thomas,samanthathomas478@yahoo.com,730-426-8969,29104 Quartz Lane ,Tollhouse,CA,93667
717,Michael,Sanders,michaelsanders822@gmail.com,425-135-2965,7952 South Algonquian Way ,Aurora,CO,80016
718,Jason,Figueroa,jasonfigueroa771@hotmail.com,945-860-6495,9515 West 74th Avenue ,Arvada,CO,80005
719,Andrew,Clark,andrewclark248@hotmail.com,551-555-8942,14 Short Circle ,Conway,AR,72032
720,Sherry,Hall,sherryhall236@gmail.com,836-425-7314,159 Adams Street ,Manchester,CT,06040
721,Blake,Berger,blakeberger178@gmail.com,391-386-1651,3824 Rosewood Court ,Midwest City,OK,73110
722,David,Ware,davidware465@yahoo.com,186-382-3439,9712 Stream View Trail ,Louisville,KY,40258
723,Emily,Williams,emilywilliams110@hotmail.com,922-621-2560,1014 South 2nd Street #508,Louisville,KY,40203
724,Juan Aguirre,DDS,juandds461@gmail.com,109-007-6841,1320 Huffman Park Drive #STE 000170,Anchorage,AK,99515
725,Carrie,Thomas,carriethomas471@yahoo.com,535-061-3623,414 Tanya Pass ,Panama City,FL,32404
726,Natalie,Smith,nataliesmith323@yahoo.com,145-876-9255,2204 7th Street Road #12,Louisville,KY,40208
727,Michael,Crawford,michaelcrawford154@gmail.com,729-073-3195,218 Shipley Alley ,Fayetteville,AR,72701
728,Timothy,Hernandez,timothyhernandez351@gmail.com,782-137-0156,1701 Foster Avenue ,Panama City,FL,32405
729,Jamie,Rogers,jamierogers767@gmail.com,503-347-6274,733 Georgetown Drive ,Nashville,TN,37205
730,Elizabeth,Bates,elizabethbates588@gmail.com,840-641-1241,75 Wilfred Road ,Manchester,CT,06040
731,Joseph,Sanchez,josephsanchez68@hotmail.com,302-518-5350,5224 Wasena Avenue ,Baltimore,MD,21225
732,Carla,King,carlaking241@hotmail.com,196-006-8123,7416 West Maryland Avenue ,Glendale,AZ,85303
733,Natasha,Mccarthy,natashamccarthy541@hotmail.com,272-437-0044,103 Aspen Place Northeast ,Calhoun,GA,30701
734,Jennifer,Terry,jenniferterry18@hotmail.com,771-585-6121,2903 West 31st Avenue #APT 000002,Anchorage,AK,99517
735,Paul,Wagner,paulwagner351@yahoo.com,486-114-7257,829 Main Street ,Manchester,CT,06040
736,Courtney,Lynch,courtneylynch875@yahoo.com,379-183-0993,1516 Buchanan Street Northwest ,Washington,DC,20011
737,Christopher,Walters,christopherwalters646@gmail.com,440-481-0565,110 Seaton Place Northwest ,Washington,DC,20001
738,Jonathan,Navarro,jonathannavarro853@yahoo.com,233-587-1649,1666 South Summer Rose Avenue ,Fayetteville,AR,72701
739,Adam,Wallace,adamwallace809@hotmail.com,327-363-3353,875 Latouche Street #APT 001010,Anchorage,AK,99501
740,Samuel,Mitchell,samuelmitchell931@yahoo.com,579-776-8716,5110 East Shoshone Avenue ,Orange,CA,92867
741,Mr. Stephen,Johnson,mr.johnson316@yahoo.com,857-624-9902,16463 North 60th Avenue ,Glendale,AZ,85306
742,Joshua,Young,joshuayoung533@hotmail.com,782-846-5300,4927 Alvin Sperry Road ,Mount Juliet,TN,37122
743,Stephen,Osborne,stephenosborne970@yahoo.com,895-286-4439,16 Clark Street ,BOS,VT,05150
744,Shawn,Lara,shawnlara672@gmail.com,933-142-3725,82 The Commons ,Moretown,VT,05660
745,Rachel,Martinez,rachelmartinez39@hotmail.com,678-784-0156,19416 Barclay Road ,Castro Valley,CA,94546
746,Brent,Holloway,brentholloway960@yahoo.com,900-803-7368,6080 Frontier Lane ,Nashville,TN,37211
747,Richard,Thomas,richardthomas776@yahoo.com,923-383-3925,4506 Eads Place Northeast ,Washington,DC,20019
748,Lucas,West,lucaswest618@hotmail.com,390-003-7316,7013 Collinswood Drive ,Nashville,TN,37221
749,Richard,Murray,richardmurray387@gmail.com,421-543-1616,7549 Delancey Street ,Youngstown,FL,32466
750,Jose,Hunter,josehunter570@hotmail.com,637-782-0662,11655 West 81st Avenue ,Arvada,CO,80005
751,Monica,Webb,monicawebb808@gmail.com,937-207-7985,8532 Ingalls Circle ,Arvada,CO,80003
752,Mark,Jordan,markjordan114@yahoo.com,340-576-1984,2755 Country Drive #244,Fremont,CA,94536
753,Edward,Hill,edwardhill321@yahoo.com,261-031-4029,629 Debbie Drive ,Nashville,TN,37076
754,Joel,Howe,joelhowe846@yahoo.com,704-027-9417,7301 Northwest 113th Terrace ,Oklahoma City,OK,73162
755,George,Smith,georgesmith784@yahoo.com,143-537-9859,145 Saint John Street ,Manchester,CT,06040
756,Ronald,Edwards,ronaldedwards715@hotmail.com,704-575-9632,3601 South Portland Avenue ,Oklahoma City,OK,73119
757,Robert,Foley,robertfoley306@gmail.com,554-582-5509,4001 19th Place Northeast ,Washington,DC,20018
758,Lori,Stephens,loristephens342@yahoo.com,992-631-5651,17361 Baronoff Avenue ,Anchorage,AK,99577
759,Rachel,Wilson,rachelwilson458@hotmail.com,350-184-5585,6231 North 67th Avenue #241,Glendale,AZ,85301
760,Mr. Jason,II,mr.ii750@hotmail.com,104-336-4054,8121 Copper Creek Drive ,Lyndon,KY,40222
761,Mr. Michael,Payne,mr.payne842@hotmail.com,875-150-8035,4316 Dover Road ,Louisville,KY,40216
762,Peter,Lowery,peterlowery331@yahoo.com,826-211-4503,10632 Admiral Court ,Oklahoma City,OK,73162
763,Nina,Combs,ninacombs144@gmail.com,495-112-3506,836 Lamont Street Northwest ,Washington,DC,20010
764,Anna,Love,annalove829@hotmail.com,199-070-0886,3034 Mica Street ,Fayetteville,AR,72704
765,Wayne,Bradshaw,waynebradshaw376@yahoo.com,854-326-5632,222 Plymouth Street A,Middleborough,MA,02346
766,Jacqueline,Norman,jacquelinenorman565@hotmail.com,760-334-5037,4726 West Palmaire Avenue ,Glendale,AZ,85301
767,Ricky,Lopez,rickylopez806@yahoo.com,530-807-2922,1726 Bridgeview Lane #5,Lyndon,KY,40242
768,Christopher,Villa,christophervilla945@yahoo.com,276-721-8884,1426 C Street Southeast ,Washington,DC,20003
769,Julia,Gilbert,juliagilbert260@yahoo.com,370-885-0940,435 Porter Lake Drive #187,Springfield,MA,01106
770,Ricky,Lutz,rickylutz580@gmail.com,900-376-0461,5 Yerxa Road #2,Cambridge,MA,02140
771,Matthew,Smith,matthewsmith639@gmail.com,908-704-3124,18330 North 79th Avenue #3155,Glendale,AZ,85308
772,Thomas,Ruiz,thomasruiz40@gmail.com,223-506-2401,6022 West Alice Avenue #3,Glendale,AZ,85302
773,Jessica,Gilmore,jessicagilmore573@yahoo.com,378-617-1905,645 G Street #STE 000101,Anchorage,AK,99501
774,Katherine,Harvey,katherineharvey764@gmail.com,751-703-5078,6385 Oak Street #101,Arvada,CO,80004
775,Charles,Foley,charlesfoley699@gmail.com,103-138-0998,6605 North 93RD Avenue #1016,Glendale,AZ,85305
776,Kelly,Tate,kellytate424@hotmail.com,304-803-9835,4672 A Street Southeast ,Washington,DC,20019
777,Morgan,Evans,morganevans510@gmail.com,160-643-9015,323 Southeast 23rd Street ,Oklahoma City,OK,73129
778,Gary,Thomas,garythomas133@hotmail.com,899-877-3224,137 Gazebo East Drive ,Montgomery,AL,36117
779,Anna,Pierce,annapierce570@gmail.com,239-631-8619,6408 Fern Crest Road ,Louisville,KY,40291
780,Taylor,Mcdonald,taylormcdonald725@hotmail.com,281-243-4572,6244 Sun River Drive ,Sacramento,CA,95824
781,Albert,Wade,albertwade704@hotmail.com,146-645-7670,1772 150th Avenue ,San Leandro,CA,94578
782,Wanda,Burton,wandaburton14@yahoo.com,824-222-2645,31 Ashworth Street ,Manchester,CT,06040
783,Adriana,Porter,adrianaporter310@yahoo.com,952-822-4053,720 Southwest 2nd Street ,Moore,OK,73160
784,Scott,Hill,scotthill763@hotmail.com,360-555-8388,4432 Cobalt Drive ,Harwood,MD,20776
785,Denise,Clark,deniseclark965@hotmail.com,502-147-9510,1521 North Olympic Club Avenue #201,Fayetteville,AR,72704
786,Brandon,Martinez,brandonmartinez829@gmail.com,311-126-1662,31 Ashworth Street ,Manchester,CT,06040
787,Jennifer Cline,MD,jennifermd514@hotmail.com,588-412-5625,1817 Beech Street ,Louisville,KY,40210
788,Maria,Wagner,mariawagner35@yahoo.com,273-521-9426,266 South J Street ,Livermore,CA,94550
789,Kevin,Owens,kevinowens749@yahoo.com,747-573-4060,122 Summer Street #1,Medford,MA,02155
790,Justin,Lowe,justinlowe151@hotmail.com,819-038-0478,249 Progress Drive ,Manchester,CT,06042
791,Sara,Williams,sarawilliams521@gmail.com,545-687-5243,172 Homestead Street ,Manchester,CT,06042
792,Brandy,Walter,brandywalter472@yahoo.com,675-780-5742,103 Martin Luther King Junior Boulevard ,Fayetteville,AR,72701
793,Todd,Harding,toddharding17@gmail.com,916-778-6994,5743 Teller Street #103,Arvada,CO,80002
794,Susan,Rodgers,susanrodgers207@hotmail.com,869-531-0617,733 Georgetown Drive ,Nashville,TN,37205
795,Shirley,Hill,shirleyhill967@yahoo.com,663-250-9011,23128 Donalda Avenue ,Port Charlotte,FL,33954
796,Susan,Rivera,susanrivera734@hotmail.com,930-812-3100,6754 Field Street ,Arvada,CO,80004
797,Andrew,Brown,andrewbrown296@yahoo.com,671-074-5039,5000 V Street Northwest ,Washington,DC,20007
798,Frederick,Stevens,frederickstevens698@hotmail.com,134-710-3965,22825 North 74th Lane ,Glendale,AZ,85310
799,Christine,Kelley,christinekelley473@gmail.com,672-346-3844,614 East Duffy Lane A,Savannah,GA,31401
800,Hannah,Johnson,hannahjohnson999@hotmail.com,328-003-1837,714 Venetian Way ,Panama City,FL,32405
801,Rachael,Green,rachaelgreen778@yahoo.com,968-474-0662,7100 Old Seward Highway STE M,Anchorage,AK,99518
802,Christopher,Chan,christopherchan183@hotmail.com,792-085-5268,7202 Jump Street ,Youngstown,FL,32466
803,Veronica,Adams,veronicaadams898@gmail.com,334-050-7613,324 East Drive ,Montgomery,AL,36113
804,James,Walker,jameswalker696@hotmail.com,238-482-6501,6095 Terry Lane ,Golden,CO,80403
805,Mercedes,Esparza,mercedesesparza882@yahoo.com,258-657-4228,7 South University Avenue #13,Fayetteville,AR,72701
806,Daniel,Burns,danielburns92@hotmail.com,118-561-5191,21 Hill Street ,Barre,VT,05641
807,David,Johnson,davidjohnson622@gmail.com,809-364-8413,2375 South School Avenue #5,Fayetteville,AR,72701
808,Diane Hogan,DDS,dianedds772@gmail.com,154-827-3978,833 South Brownell Road ,Williston,VT,05495
809,Shawn,Brown,shawnbrown508@gmail.com,557-118-4666,42 West Louise Street B,Fayetteville,AR,72701
810,Terrence,Cruz,terrencecruz731@yahoo.com,207-022-9153,140 West Cooper Avenue ,Aspen,CO,81611
811,Sarah,Hill,sarahhill1@hotmail.com,707-550-2346,1609 Porter Avenue ,Nashville,TN,37206
812,Melissa,Dalton,melissadalton638@hotmail.com,446-313-9048,199 Spencer Street ,Manchester,CT,06040
813,Cynthia,Cardenas,cynthiacardenas676@hotmail.com,876-782-7707,826 South Hancock Street ,Louisville,KY,40203
814,Michelle,Wade,michellewade994@gmail.com,105-877-7046,18426 West Carol Avenue ,Waddell,AZ,85355
815,Scott,Walsh,scottwalsh575@hotmail.com,559-053-9172,3100 Gentilly Court ,Montgomery,AL,36116
816,Theresa,Mcguire,theresamcguire158@gmail.com,875-714-6157,110 Castle Hill ,Manchester,CT,06040
817,Austin,Huff,austinhuff757@yahoo.com,312-177-8678,2641 Heather Lane ,Redding,CA,96002
818,Alisha,Rice,alisharice214@hotmail.com,741-667-9361,2732 Humboldt Avenue ,Oakland,CA,94602
819,Megan,Harris,meganharris348@yahoo.com,437-487-0827,1311 Elm Hill Pike ,Nashville,TN,37210
820,Melissa,Tyler,melissatyler902@yahoo.com,383-878-9408,162 Wells Street ,Manchester,CT,06040
821,Deborah,Adams,deborahadams409@gmail.com,248-661-5847,1 Tanaquay Court ,Savannah,GA,31411
822,Derek,Delgado,derekdelgado574@hotmail.com,477-686-5829,2903 West 31st Avenue #APT 000002,Anchorage,AK,99517
823,Joy,Blanchard,joyblanchard484@yahoo.com,279-317-2778,1566 Wingate Park Court ,Montgomery,AL,36117
824,Ashley,Waters,ashleywaters355@gmail.com,602-714-1590,20 Garfield Street ,Needham,MA,02492
825,Brandy,Moss,brandymoss22@yahoo.com,377-460-1753,3115 North Lake Boulevard #87,Tahoe City,CA,96145
826,Nicole,Armstrong,nicolearmstrong174@yahoo.com,258-770-5314,16 Conway Street ,Shelburne Falls,MA,01370
827,Jennifer,Martin,jennifermartin94@gmail.com,892-103-8780,85 West Seymeria Drive ,Beverly Hills,FL,34465
828,Eric,Baker,ericbaker861@hotmail.com,141-680-2363,210 Beachcomber Drive ,Pismo Beach,CA,93449
829,Whitney,Moreno,whitneymoreno910@yahoo.com,499-132-4955,19237 North 69th Avenue ,Glendale,AZ,85308
830,Marie,King,marieking447@yahoo.com,863-371-4563,6610 North 93rd Avenue #3102,Glendale,AZ,85305
831,Kendra,Burke,kendraburke487@hotmail.com,123-716-5704,1753 Carswell Court ,Suisun City,CA,94585
832,Christopher,Kennedy,christopherkennedy209@gmail.com,343-716-1791,243 New State Road A-D,Manchester,CT,06042
833,Felicia,Boyd,feliciaboyd141@hotmail.com,532-123-2206,165 Quincy Shore Drive #C27,Quincy,MA,02171
834,Jerry,Anderson,jerryanderson685@yahoo.com,284-255-1696,6101 North 60th Avenue #201,Glendale,AZ,85301
835,Jacob,Crosby,jacobcrosby895@gmail.com,355-436-3488,725 65th Street ,Oakland,CA,94609
836,Carl,Perkins,carlperkins219@hotmail.com,952-571-7355,3313 East Tecumseh Road ,Norman,OK,73071
837,Steven,Bennett,stevenbennett682@yahoo.com,581-885-9843,1357 Addison Street ,Berkeley,CA,94702
838,Robert,Davis,robertdavis956@hotmail.com,970-018-1664,7717 Everett Street ,Arvada,CO,80005
839,Elizabeth,Pearson,elizabethpearson370@hotmail.com,198-180-6794,545 Tracey Drive ,Panama City,FL,32404
840,Mary,Terry,maryterry316@hotmail.com,563-623-5841,3109 Thistle Down Lane ,Nashville,TN,37013
841,Marc,Martinez,marcmartinez250@yahoo.com,476-410-7946,2100 North Leverett Avenue #112J,Fayetteville,AR,72703
842,Bryan,Martin,bryanmartin935@gmail.com,242-672-0077,11 Adams Street ,Arlington,MA,02474
843,Kelli,Lee,kellilee617@hotmail.com,734-337-5532,12064 West 61st Avenue ,Arvada,CO,80004
844,Lori,Madden,lorimadden739@gmail.com,674-623-9184,22 Star Farms Drive ,Manchester,CT,06040
845,David,Estrada,davidestrada341@yahoo.com,126-177-1046,8666 Iris Street ,Arvada,CO,80005
846,Jennifer,Martin,jennifermartin429@gmail.com,340-546-5663,42 Edison Road ,Manchester,CT,06040
847,Anthony,Lee,anthonylee189@yahoo.com,563-133-1330,1504 East 55th Street ,Savannah,GA,31404
848,Blake,Gonzalez,blakegonzalez12@hotmail.com,933-608-0364,2686 Avery Park Drive ,Nashville,TN,37211
849,Tiffany,Cox,tiffanycox500@gmail.com,255-202-3320,714 Venetian Way ,Panama City,FL,32405
850,Gabriel,Blake,gabrielblake818@hotmail.com,652-547-4396,16910 Alpine Drive ,Pioneer,CA,95666
851,Cynthia,Calderon,cynthiacalderon453@gmail.com,426-404-2826,629 Cutter Court ,Annapolis,MD,21401
852,Julia,Watson,juliawatson991@hotmail.com,985-036-7968,3623 Chateau Lane ,Louisville,KY,40219
853,Donna,Hawkins,donnahawkins507@hotmail.com,122-568-4235,7703 Aragorn Court ,Hanover,MD,21076
854,Johnny,Simpson,johnnysimpson429@gmail.com,514-087-1050,2560 Michigan Court ,Panama City,FL,32405
855,Meghan,Walters,meghanwalters478@yahoo.com,275-524-2343,3111 West Place Southeast ,Washington,DC,20020
856,Jacob,Davis,jacobdavis755@yahoo.com,496-421-5421,6148 Avon Avenue ,San Gabriel,CA,91775
857,Troy,Brooks,troybrooks474@hotmail.com,945-236-3094,2205 Lindell Avenue ,Nashville,TN,37204
858,Ruth,Vaughn,ruthvaughn166@gmail.com,773-384-3097,7296 West Wedington Drive ,Fayetteville,AR,72704
859,Cynthia,White,cynthiawhite571@yahoo.com,209-255-8271,46 Lilac Street ,Manchester,CT,06040
860,Michael,Martinez,michaelmartinez566@hotmail.com,407-373-0992,1334 East 14th Avenue #APT 000004,Anchorage,AK,99501
861,John,Harris,johnharris961@yahoo.com,854-621-5963,410 West 89th Avenue ,Anchorage,AK,99515
862,Dwayne,Luna,dwayneluna137@gmail.com,313-747-7738,1169 East Hopkins Avenue ,Aspen,CO,81611
863,Jordan,Hendrix,jordanhendrix632@hotmail.com,362-125-9091,16572 East Wyman Road ,Fayetteville,AR,72701
864,Suzanne,Hunter,suzannehunter5@gmail.com,422-866-8761,45 Heathcote Circle ,Savannah,GA,31405
865,Gerald,King,geraldking728@yahoo.com,212-825-5543,1840 Nobel Place ,Louisville,KY,40216
866,Betty,Cole,bettycole795@yahoo.com,827-821-7142,8325 Northwest 19th Street ,Oklahoma City,OK,73127
867,Dr. Shannon,Wallace,dr.wallace809@hotmail.com,457-846-1679,91 Hoague Drive ,Highgate,VT,05459
868,Paul,Howard,paulhoward813@gmail.com,284-851-9369,6148 Avon Avenue ,San Gabriel,CA,91775
869,Leah,Kennedy,leahkennedy434@hotmail.com,966-775-4655,4432 Cobalt Drive ,Harwood,MD,20776
870,Nancy,Walker,nancywalker308@yahoo.com,706-580-6607,1313 North Road ,Hinesburg,VT,05461
871,Suzanne,Marshall,suzannemarshall716@yahoo.com,416-187-2123,2115 Northwest 22nd Street ,Oklahoma City,OK,73107
872,Diana,Skinner,dianaskinner492@gmail.com,852-206-8618,7529 Perryman Court ,BOS,MD,21226
873,Kathryn,Fischer,kathrynfischer133@gmail.com,230-336-0946,1313 North Road ,Hinesburg,VT,05461
874,Vickie,Lee,vickielee474@hotmail.com,505-523-8042,13 Breezy Palm Way ,Savannah,GA,31406
875,Julia,Thomas,juliathomas984@hotmail.com,565-247-5331,9730 West 81st Avenue ,Arvada,CO,80005
876,Kevin Warner,Jr.,kevinjr.852@hotmail.com,141-817-7363,6653 West Rose Garden Lane ,Glendale,AZ,85308
877,Ronald,Clark,ronaldclark300@yahoo.com,741-035-4793,18318 Pioneer Drive ,Anchorage,AK,99577
878,Richard,Garcia,richardgarcia177@yahoo.com,740-387-5949,8595 West 81st Drive ,Arvada,CO,80005
879,Jorge,Spears,jorgespears767@gmail.com,532-146-2569,8442 Everett Way A,Arvada,CO,80005
880,Melissa,Smith,melissasmith978@yahoo.com,180-612-5551,12245 West 71st Place ,Arvada,CO,80004
881,Michelle,Ramirez,michelleramirez531@hotmail.com,968-128-0058,5747 West Missouri Avenue #122,Glendale,AZ,85301
882,Lauren,Kim,laurenkim437@hotmail.com,231-356-4995,7701 Taylor Oaks Circle ,Montgomery,AL,36116
883,Lisa,Castillo,lisacastillo962@gmail.com,493-342-4903,1164 Middle Turnpike West A,Manchester,CT,06040
884,Zachary,Perez,zacharyperez377@hotmail.com,420-600-4504,16772 West 70th Avenue ,Arvada,CO,80007
885,Michael,Price,michaelprice453@yahoo.com,590-178-8772,3180 Parthenon Avenue #110,Nashville,TN,37203
886,Michael,Hughes,michaelhughes237@gmail.com,331-426-0616,1205 Southwest 128th Street ,Oklahoma City,OK,73170
887,Jodi,Martinez,jodimartinez343@yahoo.com,332-640-4683,5950 West Missouri Avenue #148,Glendale,AZ,85301
888,Valerie,Spencer,valeriespencer533@gmail.com,633-174-6849,64 Roseberry Circle ,Port Wentworth,GA,31407
889,James,Ward,jamesward251@yahoo.com,242-163-6581,736 Middle Turnpike East ,Manchester,CT,06040
890,Tammy,Novak,tammynovak209@gmail.com,249-233-9197,4 Glen Circle ,Glen Burnie,MD,21060
891,Michael,Brooks,michaelbrooks900@yahoo.com,600-017-4391,11 North Vineyard Drive ,Pueblo West,CO,81007
892,Jeffery,Palmer,jefferypalmer424@hotmail.com,752-763-2929,6729 North 54th Avenue ,Glendale,AZ,85301
893,Anne,Gilbert,annegilbert729@gmail.com,378-421-9854,565 North Lakeshore Drive ,Panama City Beach,FL,32413
894,Christie,Lopez,christielopez403@hotmail.com,805-068-7023,6234 West 68th Circle ,Arvada,CO,80003
895,Shannon,Coleman,shannoncoleman671@hotmail.com,186-536-2273,4920 Quonset Drive ,Sacramento,CA,95820
896,Kenneth,Lee,kennethlee906@gmail.com,878-653-2326,317 Windsor Road ,Savannah,GA,31419
897,Kathryn,Evans,kathrynevans776@gmail.com,714-341-3105,1429 Harrison Avenue ,Panama City,FL,32401
898,Jared Cervantes,MD,jaredmd276@hotmail.com,623-146-4267,9827 Davenport Avenue ,Youngstown,FL,32466
899,Richard,Rush,richardrush297@gmail.com,443-355-8130,8010 Holland Court D,Arvada,CO,80005
900,Kimberly,Walker,kimberlywalker427@hotmail.com,539-821-5946,63 Columbia Drive ,Manchester,CT,06042
901,Anita,Sanchez,anitasanchez939@hotmail.com,355-273-1686,45 Heathcote Circle ,Savannah,GA,31405
902,Elizabeth,Mejia,elizabethmejia949@gmail.com,857-408-7222,2909 Minnesota Avenue ,Lynn Haven,FL,32444
903,James,Armstrong,jamesarmstrong716@yahoo.com,768-661-4378,100 Fenwick Village Drive ,Savannah,GA,31419
904,Patty,Wright,pattywright74@hotmail.com,202-501-8801,7549 Delancey Street ,Youngstown,FL,32466
905,Wendy,Kerr,wendykerr878@gmail.com,407-770-2405,429 Patterson Street ,Nashville,TN,37211
906,Dean,Moore,deanmoore229@gmail.com,626-843-3645,1745 T Street Southeast ,Washington,DC,20020
907,Robert,Davies,robertdavies210@hotmail.com,350-578-6085,218 Saint Antons Way ,Arnold,MD,21012
908,Jordan,Henry,jordanhenry258@gmail.com,520-773-2148,74 Ranch Drive ,Montgomery,AL,36109
909,Jennifer,Alvarado,jenniferalvarado400@gmail.com,450-684-6548,2850 Davenport Street Northwest ,Washington,DC,20008
910,William,Harper,williamharper238@hotmail.com,662-740-5954,3505 Albee Drive ,Nashville,TN,37076
911,Jean,Anderson,jeananderson439@gmail.com,728-370-9114,2707 Wendell Avenue ,Louisville,KY,40205
912,Dr. Jennifer,Weaver,dr.weaver155@yahoo.com,403-013-7959,200 Redwood Road ,Manchester,CT,06040
913,Donald,Murphy,donaldmurphy756@hotmail.com,740-835-9939,4109 General Bate Drive ,Nashville,TN,37204
914,Kerry,Anderson,kerryanderson262@gmail.com,211-084-3967,553 South Arlington Road ,Orange,CA,92869
915,Deborah,Harrison,deborahharrison72@yahoo.com,125-002-0905,5601 West Missouri Avenue #165,Glendale,AZ,85301
916,Anne,Holloway,anneholloway161@hotmail.com,302-174-2700,2307 East 72nd Avenue ,Anchorage,AK,99507
917,Anthony,Evans,anthonyevans358@hotmail.com,751-381-3506,2511 Hearst Avenue #R 113,Berkeley,CA,94709
918,Connie,Smith,conniesmith679@gmail.com,726-413-2401,7681 Delridge Circle ,Anchorage,AK,99507
919,Beth,Rodriguez,bethrodriguez266@gmail.com,236-183-5083,1709 7th Avenue Northwest ,Ardmore,OK,73401
920,Timothy,Charles,timothycharles957@gmail.com,722-866-0317,4001 19th Place Northeast ,Washington,DC,20018
921,Randy,Stein,randystein285@gmail.com,486-262-0960,1485 Hampshire Hollow Road ,Poultney,VT,05764
922,Elizabeth,Deleon,elizabethdeleon357@gmail.com,593-033-0069,8293 Grayson Grove ,Montgomery,AL,36117
923,Ryan,Bennett,ryanbennett871@yahoo.com,469-707-6042,10312 Parlett Place ,Cupertino,CA,95014
924,Jeremy,Patton,jeremypatton560@gmail.com,121-524-2308,9209 Eupora Court ,Jeffersontown,KY,40299
925,Anthony,Bates,anthonybates103@gmail.com,410-816-2751,6725 Pamela Court ,Montgomery,AL,36116
926,Jacob,Walker,jacobwalker197@hotmail.com,812-113-0755,109 Summit Street ,Burlington,VT,05401
927,Matthew,Harris,matthewharris256@yahoo.com,900-556-3352,7573 National Drive ,Livermore,CA,94550
928,Daniel,Morton,danielmorton890@hotmail.com,248-380-6201,5208 Colorado Avenue Northwest ,Washington,DC,20011
929,Mrs. Janet,Mcfarland,mrs.mcfarland728@yahoo.com,593-306-8008,3313 Daisy Trail ,Nashville,TN,37013
930,Richard,Watson,richardwatson758@hotmail.com,840-837-5382,814 Miner Road ,Crownsville,MD,21032
931,Michael,Arroyo,michaelarroyo287@gmail.com,579-307-6454,404 Middle Turnpike West ,Manchester,CT,06040
932,Brian,Hinton,brianhinton451@gmail.com,696-133-8638,7300 West 74th Place ,Arvada,CO,80003
933,Mark,Terry,markterry178@hotmail.com,287-112-8159,1514 16th Street Southeast ,Washington,DC,20020
934,Stephanie,Carter,stephaniecarter299@hotmail.com,831-433-4984,835 Shiloh Court ,Redding,CA,96003
935,Cheryl,Walters,cherylwalters876@hotmail.com,167-178-6452,42 Adams Road #45,Greenfield,MA,01301
936,Lisa,Benson,lisabenson801@yahoo.com,915-764-3231,86 Pine Street #3,Cambridge,MA,02139
937,Mr. James,Scott,mr.scott255@yahoo.com,493-281-0393,600 West 19th Avenue APT B,Anchorage,AK,99503
938,Austin,Rivera,austinrivera627@hotmail.com,505-556-2990,96 Lakehouse Drive ,Fairlee,VT,05045
939,Beth,Holmes,bethholmes677@gmail.com,387-074-4748,107 Laurel Green Court ,Savannah,GA,31419
940,Richard,Brown,richardbrown731@yahoo.com,589-234-7866,6418 Iris Way ,Arvada,CO,80004
941,Manuel,Reilly,manuelreilly929@gmail.com,169-657-5321,813 Linda Lane ,Panama City Beach,FL,32407
942,William,James,williamjames38@yahoo.com,764-033-6413,95 Woods Hill Road ,BOS,VT,05488
943,Erin,Mcgee,erinmcgee917@yahoo.com,798-576-9718,133 White Cap Way ,Panama City Beach,FL,32407
944,Miguel,Howard,miguelhoward994@gmail.com,190-570-7474,1139 Addison Street #R 1,Berkeley,CA,94702
945,Kimberly,Baker,kimberlybaker684@yahoo.com,879-485-5660,212 Holiday Circle ,Savannah,GA,31419
946,Ashley,Best,ashleybest589@hotmail.com,762-625-4167,8496 Isles Court ,Pasadena,MD,21122
947,Emily,Holloway,emilyholloway387@hotmail.com,362-372-6208,13116 West Palo Verde Drive ,Litchfield Park,AZ,85340
948,Crystal,Mclean,crystalmclean390@gmail.com,684-512-0791,1340 5th Street Northwest ,Washington,DC,20001
949,Hannah,Kelley,hannahkelley410@hotmail.com,278-252-4435,1710 East Harold Street ,Fayetteville,AR,72703
950,Brett,Simpson,brettsimpson885@hotmail.com,838-340-3370,800 California 116 ,Sebastopol,CA,95472
951,Michael,Smith,michaelsmith643@yahoo.com,571-846-3594,549 Elysian Fields Road ,Nashville,TN,37211
952,Brian,Morris,brianmorris641@gmail.com,118-606-4287,11 Pine Point Road ,Duxbury,MA,02332
953,Tiffany,Gomez,tiffanygomez973@yahoo.com,956-003-4510,6016 Northwest 27th Street ,Oklahoma City,OK,73127
954,Patricia,Lawrence,patricialawrence106@gmail.com,273-020-2493,1263 Evarts Street Northeast ,Washington,DC,20018
955,Alexis,Jackson,alexisjackson580@gmail.com,168-524-4092,11150 Sun Valley Drive ,Oakland,CA,94605
956,Tracy,Woodward,tracywoodward302@yahoo.com,570-451-6611,1328 Jenks Avenue ,Panama City,FL,32401
957,Richard,Hoffman,richardhoffman262@gmail.com,771-057-8244,394 Hilltop Lane ,Annapolis,MD,21403
958,Raymond,Santos,raymondsantos432@hotmail.com,625-670-1131,6950 Reno Drive ,Arvada,CO,80002
959,William,Munoz,williammunoz833@hotmail.com,566-453-5628,6718 Keithley Road ,Panama City,FL,32404
960,Gwendolyn,Dyer,gwendolyndyer974@hotmail.com,437-480-0094,6740 Van Gordon Street ,Arvada,CO,80004
961,James,White,jameswhite333@yahoo.com,448-775-8089,330 Michell Court ,Livermore,CA,94551
962,Hunter,Campos,huntercampos6@gmail.com,393-635-2079,16 Redbud Way ,Marlborough,MA,01752
963,Sandra,Brooks,sandrabrooks559@hotmail.com,247-356-3912,3111 Gentilly Court ,Montgomery,AL,36116
964,Sandra,Allen,sandraallen215@yahoo.com,367-660-0214,1840 Nobel Place ,Louisville,KY,40216
965,Beth,Byrd,bethbyrd950@gmail.com,261-838-9055,6950 Reno Drive ,Arvada,CO,80002
966,Brianna,Thompson,briannathompson808@hotmail.com,584-887-7177,7851 Snow View Drive ,Anchorage,AK,99507
967,Angela,Johnson,angelajohnson44@hotmail.com,125-642-5090,35 Leominster Road #1,Lunenburg,MA,01462
968,Lucas,Manning,lucasmanning54@gmail.com,998-085-9317,13417 West Marlette Court ,Litchfield Park,AZ,85340
969,Jeremy,Carter,jeremycarter144@hotmail.com,811-163-2030,2307 East 72nd Avenue ,Anchorage,AK,99507
970,Michelle,Harris,michelleharris288@hotmail.com,930-513-9282,7529 Perryman Court ,BOS,MD,21226
971,Caitlin,Smith,caitlinsmith71@gmail.com,202-313-8866,435 East 5th Avenue ,Anchorage,AK,99501
972,John,Dixon,johndixon80@gmail.com,743-167-6065,10307 Rock Falls Court ,Louisville,KY,40223
973,Judy,Rice,judyrice151@yahoo.com,294-032-9613,714 East 33rd Street ,Savannah,GA,31401
974,David,Griffin,davidgriffin2@yahoo.com,479-246-7456,1002 Highland Avenue ,Louisville,KY,40204
975,Sarah,Woods,sarahwoods798@gmail.com,186-243-3010,7401 West Arrowhead Clubhouse Drive #2031,Glendale,AZ,85308
976,Brent,Evans,brentevans204@yahoo.com,185-254-4526,1243 Doris Avenue ,Pasadena,MD,21122
977,Connie,Vega,connievega74@hotmail.com,989-887-2802,3323 Summerhill Drive ,Fayetteville,AR,72703
978,Jocelyn,Anderson,jocelynanderson28@hotmail.com,780-534-9459,6413 Kendall Street ,Arvada,CO,80003
979,Anthony,Martin,anthonymartin513@hotmail.com,519-310-4433,10202 North 51st Drive ,Glendale,AZ,85302
980,Christopher,Delacruz,christopherdelacruz910@gmail.com,463-012-9136,7911 Deronia Avenue ,Louisville,KY,40222
981,Courtney,Terrell,courtneyterrell142@hotmail.com,663-417-1667,1693 Alice Court ,Annapolis,MD,21401
982,Glenn,Fisher,glennfisher220@yahoo.com,905-714-3162,1234 Carmel Street ,Madera,CA,93638
983,Sean,Villanueva,seanvillanueva349@hotmail.com,589-272-8715,1711 8th Street Northwest ,Washington,DC,20001
984,Norman,Rowe,normanrowe574@gmail.com,872-555-4809,615 Sand Road ,Severn,MD,21144
985,Mrs. Taylor,Chavez,mrs.chavez575@gmail.com,874-747-4901,6506 North Lagoon Drive ,Panama City Beach,FL,32408
986,Jessica,Parker,jessicaparker245@hotmail.com,484-464-1496,7502 Kingman Street ,Panama City Beach,FL,32408
987,William,Butler,williambutler400@hotmail.com,750-802-1358,474 Merritt Avenue ,Oakland,CA,94610
988,Christina,Reyes,christinareyes158@gmail.com,858-642-6602,10151 West 64th Avenue ,Arvada,CO,80004
989,David,Davenport,daviddavenport972@hotmail.com,779-315-2390,7071 Senators Drive ,Montgomery,AL,36117
990,Dawn,Kennedy,dawnkennedy989@gmail.com,888-365-2979,1194 Cragmont Avenue M,Berkeley,CA,94708
991,Hannah,Dickson,hannahdickson36@yahoo.com,454-115-4662,313 Post Road ,Rutland,VT,05701
992,Jordan,Gibson,jordangibson453@hotmail.com,766-627-5859,7095 Gladiola Street ,Arvada,CO,80004
993,James,Calderon,jamescalderon320@hotmail.com,991-722-4736,7564 Moore Court ,Arvada,CO,80005
994,Alan,Rogers,alanrogers201@yahoo.com,516-554-4829,1456 North Coghill Drive #106,Fayetteville,AR,72704
995,Veronica,Fleming,veronicafleming140@hotmail.com,212-643-1635,798 Airport Road ,Panama City,FL,32405
996,Jose,Walker,josewalker178@gmail.com,716-747-6126,295 Townes Drive ,Nashville,TN,37211
997,Anthony,Lee,anthonylee401@yahoo.com,867-332-2552,Career Avenue ,Washington,DC,20032
998,Sarah,Barrera,sarahbarrera133@yahoo.com,696-460-3753,10301 La Plaza Drive ,Louisville,KY,40272
999,Michael,Santos,michaelsantos971@yahoo.com,518-082-5749,17361 Baronoff Avenue ,Anchorage,AK,99577
1000,Jill,Gonzalez,jillgonzalez269@hotmail.com,192-314-3919,9401 3rd Street Road ,Louisville,KY,40272
